"spotify_id","name","artists","daily_rank","daily_movement","weekly_movement","country","snapshot_date","popularity","is_explicit","duration_ms","album_name","album_release_date","danceability","energy","key","loudness","mode","speechiness","acousticness","instrumentalness","liveness","valence","tempo","time_signature"
"2plbrEY59IikOBgBGLjaoe","Die With A Smile","Lady Gaga, Bruno Mars","1","0","0","","2024-11-18","100","False","251667","Die With A Smile","2024-08-16","0.521","0.592","6","-7.777","0","0.0304","0.308","0.0","0.122","0.535","157.969","3"
"5vNRhkKd0yEAg8suGBpjeY","APT.","ROS√â, Bruno Mars","2","0","0","","2024-11-18","98","False","169917","APT.","2024-10-18","0.777","0.783","0","-4.477","0","0.26","0.0283","0.0","0.355","0.939","149.027","4"
"6dOtVTDdiauQNBQEDOtlAB","BIRDS OF A FEATHER","Billie Eilish","3","0","0","","2024-11-18","97","False","210373","HIT ME HARD AND SOFT","2024-05-17","0.747","0.507","2","-10.171","1","0.0358","0.2","0.0608","0.117","0.438","104.978","4"
"7ne4VBA60CxGM75vw0EYad","That‚Äôs So True","Gracie Abrams","4","0","2","","2024-11-18","92","True","166300","The Secret of Us (Deluxe)","2024-10-18","0.554","0.808","1","-4.169","1","0.0368","0.214","0.0","0.159","0.372","108.548","4"
"7tI8dRuH2Yc6RuoTjxo4dU","Who","Jimin","5","0","-1","","2024-11-18","92","False","170887","MUSE","2024-07-19","0.66","0.756","0","-3.743","0","0.032","0.00289","0.0","0.193","0.838","116.034","4"
"1cOboCuWYI2osTOfolMRS6","Tu Boda","Oscar Maydon, FuerSouth Africa Regida","6","0","-1","","2024-11-18","93","True","225880","Tu Boda","2024-09-26","0.694","0.651","6","-6.968","1","0.0784","0.496","1.36e-05","0.0787","0.471","112.648","3"
"5G2f63n7IPVPPjfNIGih7Q","Taste","Sabrina Carpenter","7","2","0","","2024-11-18","94","False","157279","Short n' Sweet","2024-08-23","0.674","0.907","3","-4.086","1","0.064","0.101","0.0","0.297","0.721","112.964","4"
"2262bWmqomIaJXwCRHr13j","Sailor Song","Gigi Perez","8","2","1","","2024-11-18","93","False","211978","Sailor Song","2024-07-26","0.494","0.413","11","-10.432","1","0.0254","0.682","6.72e-05","0.193","0.273","94.938","4"
"2HRqTpkrJO5ggZyyK6NPWz","Espresso","Sabrina Carpenter","9","3","-1","","2024-11-18","88","True","175459","Short n' Sweet","2024-08-23","0.699","0.776","0","-5.282","1","0.0293","0.131","5.36e-06","0.205","0.708","103.963","4"
"3QaPy1KgI7nu9FJEQUgn6h","WILDFLOWER","Billie Eilish","10","1","2","","2024-11-18","92","False","261466","HIT ME HARD AND SOFT","2024-05-17","0.467","0.247","6","-12.002","0","0.0431","0.612","0.000271","0.17","0.126","148.101","4"
"6WatFBLVB0x077xWeoVc2k","Si Antes Te Hubiera Conocido","KAROL G","11","7","0","","2024-11-18","93","False","195824","Si Antes Te Hubiera Conocido","2024-06-21","0.924","0.668","11","-6.795","1","0.0469","0.446","0.000594","0.0678","0.787","128.027","4"
"1EDPVGbyPKJPeGqATwXZvN","The Emptiness Machine","Linkin Park","12","-5","38","","2024-11-18","73","True","190427","From Zero","2024-11-15","0.466","0.872","7","-3.344","1","0.0336","0.0156","0.0","0.121","0.806","184.115","4"
"0WbMK4wrZ1wFSty9F7FCgu","Good Luck, Babe!","Chappell Roan","13","1","-3","","2024-11-18","94","False","218423","Good Luck, Babe!","2024-04-05","0.7","0.582","11","-5.96","0","0.0356","0.0502","0.0","0.0881","0.785","116.712","4"
"3xkHsmpQCBMytMJNiDf3Ii","Beautiful Things","Benson Boone","14","5","-1","","2024-11-18","89","False","180304","Fireworks & Rollerblades","2024-04-05","0.472","0.471","10","-5.692","1","0.0603","0.151","0.0","0.14","0.219","105.029","3"
"4p7DTkyrKqT98xlIwYYfXz","Running Wild","Jin","15","-7","35","","2024-11-18","80","False","151646","Happy","2024-11-15","0.487","0.711","8","-4.22","1","0.0322","0.000175","0.0","0.152","0.317","146.921","4"
"1Es7AUAhQvapIcoh3qMKDL","Timeless (with Playboi Carti)","The Weeknd, Playboi Carti","16","1","-2","","2024-11-18","92","True","256000","Timeless","2024-09-27","0.769","0.722","11","-5.485","0","0.0507","0.0584","2.56e-06","0.111","0.57","119.973","4"
"0l0vcZMU7AOeQmUIREoI2U","Qu√© Pasar√≠a...","Rauw Alejandro, Bad Bunny","17","-4","33","","2024-11-18","76","True","191018","Cosa Nuestra","2024-11-15","0.833","0.563","4","-5.593","0","0.204","0.528","1.27e-05","0.139","0.343","105.008","4"
"2tHwzyyOLoWSFqYNjeVMzj","Please Please Please","Sabrina Carpenter","18","4","-3","","2024-11-18","87","True","186365","Short n' Sweet","2024-08-23","0.675","0.586","9","-6.086","1","0.0531","0.257","0.0","0.104","0.621","107.015","4"
"0bYg9bo50gSsH3LtXe2SQn","All I Want for Christmas Is You","Mariah Carey","19","27","29","","2024-11-18","85","False","241106","Merry Christmas","1994-10-28","0.336","0.627","7","-7.463","1","0.0384","0.164","0.0","0.0708","0.35","150.273","4"
"2HBBM75Xv3o2Mqdyh1NcM0","Heavy Is the Crown","Linkin Park","20","-5","30","","2024-11-18","72","False","167012","From Zero","2024-11-15","0.571","0.928","4","-3.725","0","0.0453","0.00932","0.0","0.297","0.488","127.939","4"
"17phhZDn6oGtzMe56NuWvj","Lose Control","Teddy Swims","21","2","-5","","2024-11-18","89","False","210688","I've Tried Everything But Therapy (Part 1)","2023-09-15","0.561","0.604","9","-4.409","1","0.0337","0.199","1.9e-05","0.104","0.242","159.92","3"
"3hRV0jL3vUpRrcy398teAU","The Night We Met","Lord Huron","22","3","20","","2024-11-18","88","False","208211","Strange Trails","2015-04-06","0.448","0.369","9","-9.514","1","0.0452","0.968","0.272","0.638","0.0998","174.097","3"
"51rfRCiUSvxXlCSCfIztBy","I Love You, I'm Sorry","Gracie Abrams","23","-2","0","","2024-11-18","90","True","157146","The Secret of Us","2024-06-21","0.53","0.406","10","-7.507","1","0.033","0.656","0.0","0.133","0.338","115.94","3"
"0KKkJNfGyhkQ5aFogxQAPU","That's What I Like","Bruno Mars","24","3","-7","","2024-11-18","88","False","206693","24K Magic","2016-11-17","0.853","0.56","1","-4.961","1","0.0406","0.013","0.0","0.0944","0.86","134.066","4"
"2QjOHCTQ1Jl3SAwyYOpxh6","Sweater Weather","The Neighbourhood","25","25","-3","","2024-11-18","90","False","240400","I Love You.","2013-04-22","0.612","0.807","10","-2.81","1","0.0336","0.0495","0.0177","0.101","0.398","124.053","4"
"7KA4W4McWYRpgf0fWsJZWB","See You Again (feat. Kali Uchis)","Tyler, The Creator, Kali Uchis","26","6","24","","2024-11-18","89","True","180386","Flower Boy","2017-07-21","0.558","0.559","6","-9.222","1","0.0959","0.371","7.49e-06","0.109","0.62","78.558","4"
"06qMRF18gwbOYYbnP2du6i","Last Christmas - Single Version","Wham!","27","23","23","","2024-11-18","70","False","265960","The Singles: Echoes from the Edge of Heaven","2023-07-07","0.733","0.598","2","-8.228","1","0.0278","0.212","3.71e-06","0.156","0.935","107.732","4"
"5XeFesFbtLpXzIVDNQP22n","I Wanna Be Yours","Arctic Monkeys","28","3","0","","2024-11-18","90","False","183956","AM","2013-09-09","0.464","0.417","0","-9.345","0","0.0256","0.136","0.022","0.0974","0.479","67.528","4"
"3w3y8KPTfNeOKPiqUTakBh","Locked out of Heaven","Bruno Mars","29","5","-8","","2024-11-18","88","False","233478","Unorthodox Jukebox","2012-12-07","0.726","0.698","5","-4.165","1","0.0431","0.049","0.0","0.309","0.867","143.994","4"
"5fZJQrFKWQLb7FpJXZ1g7K","A Bar Song (Tipsy)","Shaboozey","30","5","-5","","2024-11-18","84","True","171291","Where I've Been, Isn't Where I'm Going","2024-05-31","0.722","0.706","9","-4.857","1","0.0292","0.072","0.0","0.067","0.599","80.969","4"
"5lKFO0PrOC9jmOlPEdjHsL","DOS D√çAS","Tito Double P, Peso Pluma","31","9","-7","","2024-11-18","88","True","153928","INC√ìMODO","2024-08-22","0.745","0.513","1","-9.116","1","0.087","0.783","0.0","0.216","0.929","109.935","3"
"6i5qhmmF9UNUBRyrPSGn4m","Two Faced","Linkin Park","32","-16","18","","2024-11-18","73","False","183584","From Zero","2024-11-15","0.51","0.945","1","-5.405","1","0.0804","0.000658","4.8e-06","0.0413","0.323","91.906","4"
"6X6m4xmdFcz31p1h7Qg68c","EL LOKERON","Tito Double P","33","14","-14","","2024-11-18","89","True","145473","INC√ìMODO","2024-08-22","0.724","0.689","7","-7.174","0","0.0524","0.573","6.77e-06","0.0922","0.936","120.208","3"
"3mg9jYNC1NihbthlglzrWP","+57","KAROL G, Feid, DFZM, Ovy On The Drums, J Balvin, Maluma, Ryan Castro, Blessd","34","-4","-16","","2024-11-18","82","True","298130","+57","2024-11-08","0.848","0.712","1","-3.574","0","0.0981","0.221","0.0","0.106","0.692","91.98","4"
"5O2P9iiztwhomNh8xkR9lJ","Night Changes","One Direction","35","9","15","","2024-11-18","89","False","226600","FOUR (Deluxe)","2014-11-17","0.672","0.52","8","-7.747","1","0.0353","0.859","0.0","0.115","0.37","120.001","4"
"3AJwUDP919kvQ9QcozQPxg","Yellow","Coldplay","36","1","-9","","2024-11-18","89","False","266773","Parachutes","2000-07-10","0.429","0.661","11","-7.227","1","0.0281","0.00239","0.000121","0.234","0.285","173.372","4"
"7CyPwkp0oE8Ro9Dd5CUDjW","One Of The Girls (with JENNIE, Lily Rose Depp)","The Weeknd, JENNIE, Lily-Rose Depp","37","2","-3","","2024-11-18","89","False","244684","The Idol Episode 4 (Music from the HBO Original Series)","2023-06-23","0.264","0.64","8","-6.221","1","0.0442","0.0393","2.31e-06","0.151","0.19","84.828","4"
"2osJCvi2zzebMQTc7vvcAm","Just the Way You Are","Bruno Mars","38","10","12","","2024-11-18","55","False","220734","100 Greatest R&B","2019-11-22","0.635","0.841","5","-5.379","1","0.0422","0.0134","0.0","0.0622","0.424","109.021","4"
"2Qcbspnftnon37jibwyvMU","I'll Be There","Jin","39","-19","11","","2024-11-18","89","False","181677","I'll Be There","2024-10-25","0.538","0.738","10","-2.412","1","0.0445","0.0351","0.0","0.0898","0.736","148.887","4"
"1UHS8Rf6h5Ar3CDWRd3wjF","Bed Chem","Sabrina Carpenter","40","1","-11","","2024-11-18","90","False","171869","Short n' Sweet","2024-08-23","0.739","0.727","11","-5.968","0","0.0426","0.0678","0.0","0.104","0.676","94.99","4"
"0Sr7ssScx54yxdM2ols7nW","Q U E V A S H A C E R H O Y ?","Omar Courtz, De La Rose","41","4","-9","","2024-11-18","89","True","224022","PRIMERA MUSA","2024-09-20","0.56","0.681","6","-6.304","0","0.244","0.103","0.0","0.106","0.388","155.079","4"
"4OLT65TRsOx3Iv1TlCcQVb","Presidente","Gabito Ballesteros, Natanael Cano, Luis R Conriquez, Neton Vega","42","8","-2","","2024-11-18","85","True","181064","Presidente","2024-10-21","0.732","0.827","11","-4.152","1","0.0585","0.123","0.0","0.117","0.584","105.145","1"
"0qeIFEGRQqHoaJtLCl0U73","DEGENERE üëë (feat. benny blanco)","Myke Towers, benny blanco","43","7","-10","","2024-11-18","83","True","130880","LA PANTERA NEGRA (DELUXE)","2024-10-17","0.744","0.709","6","-5.778","0","0.284","0.0501","0.0","0.0847","0.712","194.055","4"
"1uFW6czrHk5PsK3s6gOI7C","Se Fue","Rauw Alejandro, Laura Pausini","44","-11","6","","2024-11-18","72","False","240179","Cosa Nuestra","2024-11-15","0.689","0.743","8","-2.817","1","0.0328","0.0694","0.0","0.0966","0.138","119.957","4"
"19XpFsce28aByvCC4g89tJ","Too Sweet","Hozier","45","4","-9","","2024-11-18","84","False","251424","Unreal Unearth: Unaired","2024-08-19","0.74","0.643","10","-5.446","1","0.0413","0.041","0.00229","0.0407","0.96","117.025","4"
"7yq4Qj7cqayVTp3FF9CWbm","Riptide","Vance Joy","46","4","4","","2024-11-18","78","False","204280","Dream Your Life Away","2014-09-08","0.484","0.731","1","-6.694","1","0.0379","0.431","0.0","0.151","0.51","101.654","4"
"51ZQ1vr10ffzbwIjDCwqm4","we can't be friends (wait for your love)","Ariana Grande","47","3","-4","","2024-11-18","86","False","228639","eternal sunshine","2024-03-08","0.645","0.646","5","-8.334","1","0.0427","0.0615","3.04e-05","0.074","0.295","115.842","4"
"42VsgItocQwOQC3XWZ8JNA","FE!N (feat. Playboi Carti)","Travis Scott, Playboi Carti","48","2","-11","","2024-11-18","89","True","191700","UTOPIA","2023-07-28","0.569","0.882","3","-2.777","0","0.06","0.0316","0.0","0.142","0.201","148.038","4"
"3yDRcs0Y4pPzkvMbUfeF9H","Moonlit Floor (Kiss Me)","LISA","49","1","-23","","2024-11-18","89","False","155757","Moonlit Floor (Kiss Me)","2024-10-03","0.733","0.786","5","-3.951","0","0.112","0.128","0.0","0.31","0.672","109.954","4"
"60a0Rd6pjrkxjPbaKzXjfq","In the End","Linkin Park","50","0","0","","2024-11-18","87","False","216880","Hybrid Theory (Bonus Edition)","2000-01-01","0.556","0.864","3","-5.87","0","0.0584","0.00958","0.0","0.209","0.4","105.143","4"
"7MD8gswt08VhFwVF1PR8Mg","Biri Marung (feat. Sje Konka, Focalistic, DJ Maphorisa, Scotts Maphuma & CowBoii)","Mr Pilato, Ego Slimflow, Tebogo G Mashego, SJE Konka, Focalistic, DJ Maphorisa, Scotts Maphuma, CowBoii","1","0","3","South Africa","2024-11-18","61","False","454778","Biri Marung (feat. Sje Konka, Focalistic, DJ Maphorisa, Scotts Maphuma & CowBoii)","2024-11-08","0.848","0.588","9","-10.935","1","0.0532","0.00115","0.00485","0.0523","0.301","113.002","4"
"34eKUydsaj9GeMTT1ybutO","Wishi Wishi (feat. Scotts Maphuma & Young Stunna)","Kabza De Small, Vigro Deep, DJ Maphorisa, Scotts Maphuma, Young Stunna","2","0","-1","South Africa","2024-11-18","64","False","381428","Wishi Wishi (feat. Scotts Maphuma & Young Stunna)","2024-10-18","0.861","0.622","1","-12.417","1","0.0727","0.0632","7.79e-05","0.253","0.413","112.009","4"
"21fhgH4tjYcAKzkzCuYyr6","Sdakiwe Sbali (feat. Bless The Gentleman & DJ Kap)","Blaq Major, BLESS THE GENTLEMAN, DJ KAP","3","0","-1","South Africa","2024-11-18","63","False","245740","Sdakiwe Sbali (feat. Bless The Gentleman & DJ Kap)","2024-08-12","0.937","0.638","6","-6.094","0","0.0424","0.00877","0.0","0.0608","0.753","114.043","4"
"2ZdiSdC1ElfhEsFanMlpdO","Ndisize","Caiiro, Ami Faku","4","0","1","South Africa","2024-11-18","61","False","315116","Caiiro","2024-07-05","0.784","0.629","5","-8.35","1","0.0493","0.0061","0.264","0.0918","0.515","117.003","4"
"567NwM1L86vGvZwiZfCsMo","Gucci","Mthandeni SK, MaWhoo","5","1","-2","South Africa","2024-11-18","62","False","247617","Gucci","2024-09-26","0.625","0.927","6","-5.446","0","0.0313","0.0212","0.011","0.304","0.863","146.727","4"
"0dI8174H04ATp4iEw0WkrT","Sthandwa Sam (feat. BelloM, Epic DJ, DJ Seneath & X-Morizo)","2Point1, BelloM, Epic DJ, DJ Seneath, X-Morizo","6","1","3","South Africa","2024-11-18","56","False","380199","Sthandwa Sam (feat. BelloM, Epic DJ, DJ Seneath & X-Morizo)","2024-02-09","0.773","0.754","1","-7.588","0","0.0369","0.00723","0.0405","0.0191","0.528","112.997","4"
"0NLRYW9HyqHcbyzfAwskKN","Yebo Lapho (Gogo) (feat. DJ Maphorisa & Djy BiSouth Africa)","Felo Le Tee, Scotts Maphuma, ThabSouth Africa Tee, DJ Maphorisa, Djy BiSouth Africa","7","3","3","South Africa","2024-11-18","63","False","424800","Yebo Lapho (Gogo) (feat. DJ Maphorisa & Djy BiSouth Africa)","2024-07-03","0.831","0.933","1","-7.137","1","0.043","0.00132","0.0115","0.0577","0.608","113.0","4"
"1DyNpDv4M8qBTthYIAPvqW","Phuthuma","Cyfred, Scotts Maphuma","8","-3","6","South Africa","2024-11-18","60","False","323750","Phuthuma","2024-08-16","0.885","0.677","7","-9.004","0","0.0532","0.0921","0.0035","0.0825","0.393","112.994","4"
"7hO6BIPeHb0Y5v9bgXoxKg","Sohlala Sisonke","Dlala Thukzin, Zeh McGeba, MK Productions","9","-1","-3","South Africa","2024-11-18","60","False","327457","Finally Famous Too","2024-09-27","0.715","0.765","7","-7.837","0","0.0363","0.124","0.0824","0.0391","0.733","118.026","4"
"7of6lpTmDwVshVQ7kcQxYo","Zase England","Blacko SA, Mellow & Sleazy, Scotts Maphuma","10","-1","1","South Africa","2024-11-18","62","False","369815","South Africase England","2024-09-27","0.872","0.582","1","-11.882","1","0.0671","0.0417","0.0","0.0653","0.31","112.014","4"
"3jTedBPHIIr48xoJchYHNH","Chokeslem","Kharishma, Ba Bethe Gashoazen","11","2","-3","South Africa","2024-11-18","59","False","221254","Chokeslem","2024-05-24","0.817","0.841","5","-4.173","0","0.0382","0.118","0.000216","0.0772","0.336","125.989","4"
"6COIIA7XjaExDj4fkCqaB9","Can't Get","Casswell P, Nobuhle","12","2","-5","South Africa","2024-11-18","59","False","293578","Can't Get","2024-09-13","0.832","0.605","8","-7.441","1","0.0434","0.0911","0.0652","0.0471","0.762","113.003","4"
"6eyJuobFFGXLAOOkxrIdSV","All My Life","Mawelele, Kwesta","13","-1","2","South Africa","2024-11-18","60","False","266526","All My Life","2024-08-30","0.69","0.401","8","-9.186","1","0.0493","0.749","0.000522","0.111","0.463","95.009","4"
"03el79rU07nAtJYgX1v62f","Mfazi Wephepha (feat. Big Zulu & Zee Nxumalo)","Wanitwa Mos, NkosaSouth Africana Daughter, Master KG, Big Zulu, Zee Nxumalo","14","2","-1","South Africa","2024-11-18","52","False","291795","Makhelwane","2024-08-30","0.9","0.564","1","-7.92","1","0.0582","0.0451","0.0192","0.0531","0.516","113.006","4"
"1gM44tVZ9pfUe9v35Stp31","Kwelanga 2.0 (feat. Tman Xpress & LeeMcKrazy)","Bassie, M-Touch, Ranger, Amaza, LeeMcKrazy, Tman Xpress","15","2","1","South Africa","2024-11-18","60","False","441894","Kwelanga","2024-06-07","0.79","0.662","10","-11.636","0","0.0495","0.0727","0.109","0.0261","0.678","113.006","4"
"3H8XWGDteOl8nmUqeYrHw5","Uvalo","Usimamane, Sjava","16","-5","-4","South Africa","2024-11-18","61","False","324000","20th: Days Before Maud","2024-09-13","0.532","0.414","5","-7.992","0","0.0935","0.652","0.00264","0.114","0.0987","159.958","3"
"0AQfRLzd7pQZcLtfh9Onb8","Shayi'Moto (feat. Seemah & Yanda Woods)","Mellow & Sleazy, Scotts Maphuma, Mr Pilato, Seemah, Yanda Woods","17","4","33","South Africa","2024-11-18","52","False","445719","Shayi'Moto (feat. Seemah & Yanda Woods)","2024-11-08","0.853","0.773","1","-10.387","0","0.0565","0.0275","0.0175","0.0908","0.513","112.002","4"
"0X5qaCnHN98ELiqincjJwg","MaDlamini (feat. Mellow & Sleazy)","DoouShii, Scotts Maphuma, Mellow & Sleazy","18","1","-1","South Africa","2024-11-18","60","False","454503","MaDlamini (feat. Mellow & Sleazy)","2024-08-07","0.795","0.71","10","-9.251","0","0.0491","0.0554","0.114","0.129","0.579","111.997","4"
"4zZxynw8cwhCRlDl9pay2f","Diqabang","Khathapillar, Sol Phenduka, Smash SA, Kamoh Xaba","19","-1","1","South Africa","2024-11-18","58","False","402890","Diqabang","2024-05-20","0.711","0.52","2","-11.103","0","0.0331","0.102","0.00152","0.13","0.363","111.993","4"
"0Xc5lXQ1Q1NxGyL7SSXnF9","Iza Mawala (feat. Dladla Mshunqisi & Goldmax)","Tycoon, Sly, Kabza De Small, Dladla Mshunqisi, Goldmax","20","2","-2","South Africa","2024-11-18","58","False","395044","ISouth Africa Mawala (feat. Dladla Mshunqisi & Goldmax)","2024-10-18","0.837","0.675","10","-15.098","0","0.0592","0.0117","0.814","0.0746","0.472","113.008","4"
"3ZHAKmjt1c3YYTUweyzhLe","Angidlali Nezingane","Khuzani, Thibela","21","-6","29","South Africa","2024-11-18","45","False","489006","Angidlali Nezingane","2024-11-15","0.492","0.819","11","-5.915","1","0.166","0.512","0.0","0.0691","0.953","66.743","4"
"0cnbEf12FLBWx9QnBlw1EL","Ama Gear","Dlala Thukzin, Funky Qla, Zee Nxumalo, MK Productions","22","7","0","South Africa","2024-11-18","59","False","425338","031 Studio Camp","2024-07-03","0.769","0.535","3","-13.9","0","0.0473","0.482","0.764","0.0787","0.534","118.008","4"
"7JbLSEDlRdoJaXk5ddzae2","Paris","Mthandeni SK, Lwah Ndlunkulu","23","4","-2","South Africa","2024-11-18","57","False","257959","Paris","2023-08-09","0.619","0.903","1","-4.659","1","0.0693","0.0296","0.00199","0.19","0.964","154.639","4"
"4QFMdUKVMmKgH6masoIVNr","Abo Nokthula (feat. The Exclusive SA, Scotts Maphuma, Kabelo Sings, Bontle Smith, 2woshort & Stompiiey)","TNK MusiQ, LeeMcKrazy, Seun1401, The Exclusive SA, Scotts Maphuma, Kabelo Sings, Bontle Smith, 2woshort, Stompiiey","24","1","-5","South Africa","2024-11-18","46","False","368577","Ask & Receive 2","2024-11-01","0.943","0.539","5","-8.398","0","0.0632","0.0512","0.00351","0.041","0.45","112.008","4"
"7csLHpTInB2j139r7suTET","Imbongolo","Khuzani, Sphesihle","25","1","25","South Africa","2024-11-18","44","False","270701","Angidlali Nezingane","2024-11-15","0.601","0.88","6","-5.266","1","0.0617","0.521","2.83e-05","0.355","0.948","186.064","3"
"1KpHX3zexEHvYTw0dSyfgF","Xola","Msongi, Cici, Sir Trill, Dot Mega","26","5","2","South Africa","2024-11-18","58","False","428543","Xola","2024-03-15","0.848","0.699","4","-10.771","0","0.0567","0.0567","0.000728","0.138","0.503","111.999","4"
"3mWu4sw2LsmNX4UBfhrvC1","eGoli (feat. Eltee & Novatron)","CowBoii, Mellow & Sleazy, Scotts Maphuma, Eltee, Novatron","27","5","-1","South Africa","2024-11-18","59","False","414319","eGoli (feat. Eltee & Novatron)","2024-07-29","0.888","0.403","5","-10.949","0","0.142","0.0524","0.00106","0.042","0.597","112.009","4"
"2pdid5w8VxdgMmYlp7r17z","My Dululu","Mjolisi, Mnqobi yazo","28","2","-5","South Africa","2024-11-18","57","False","295784","My Dululu","2024-09-04","0.713","0.58","5","-8.471","1","0.0418","0.552","0.0","0.0683","0.749","108.77","3"
"6dOtVTDdiauQNBQEDOtlAB","BIRDS OF A FEATHER","Billie Eilish","29","-5","-4","South Africa","2024-11-18","97","False","210373","HIT ME HARD AND SOFT","2024-05-17","0.747","0.507","2","-10.171","1","0.0358","0.2","0.0608","0.117","0.438","104.978","4"
"5DqA8IUhk1DQSGmf6XOVrI","Wadibusa (feat. Royal MusiQ, OHP Sage, & Pcee)","Uncle Waffles, Royal MusiQ, OHP Sage, Pcee","30","10","0","South Africa","2024-11-18","63","False","285034","Wadibusa (feat. Royal MusiQ, OHP Sage, & Pcee)","2024-04-17","0.845","0.584","1","-7.627","1","0.0477","0.00141","0.0595","0.0661","0.4","111.978","4"
"6Kijtp0DB6VwcoJIw7PJ9W","Imithandazo (feat. Young Stunna, DJ Maphorisa, Sizwe Alakine & Umthakathi Kush)","Kabza De Small, Mthunzi, DJ Maphorisa, Young Stunna, Sizwe Alakine, Umthakathi Kush","31","11","4","South Africa","2024-11-18","59","False","351200","Isimo","2023-10-27","0.806","0.767","6","-9.686","0","0.112","0.179","0.00126","0.182","0.795","113.001","4"
"3bqCtq5RcPzULlyqkFGVJ7","Ngathi Nguye","Umafikizolo, Umashotana","32","3","-5","South Africa","2024-11-18","57","False","383425","Ngathi Nguye","2024-06-01","0.571","0.722","7","-9.79","1","0.0468","0.132","0.143","0.627","0.726","77.0","4"
"79r4mAwHBAB1x5QnImlUM6","Ncono Siyeke","Mshinwemali, Shenge wasehlalankosi","33","0","1","South Africa","2024-11-18","55","False","299363","Ncono Siyeke","2024-09-10","0.455","0.799","2","-8.831","1","0.0359","0.384","0.0","0.575","0.868","99.729","3"
"1AXW0WnNUceegJHGl3HWlJ","Rush Hour","Sminofu","34","-6","-10","South Africa","2024-11-18","53","False","271305","Rush Hour","2024-11-08","0.721","0.937","10","-4.87","0","0.112","0.142","0.000371","0.0561","0.804","159.973","4"
"1z9cFQp5CGOAsACK2IWzCG","Thola Umuntu","015 MusiQ & Van City MusiQ, OHP Sage, Veyane","35","3","13","South Africa","2024-11-18","54","False","351428","Thola Umuntu","2024-10-04","0.823","0.56","5","-9.458","0","0.0443","0.115","5.98e-05","0.0639","0.695","111.998","4"
"0UCv4K0MMGf7OLKAcKYFwR","Pabi Jo (feat. Lajere man & DJ DADAMAN)","Pabi Cooper, Focalistic, Thebuu, Lajere man, DJ DADAMAN","36","14","2","South Africa","2024-11-18","53","False","352081","Pabi Jo (feat. Lajere man & DJ DADAMAN)","2024-10-04","0.849","0.642","10","-9.304","0","0.054","0.0647","0.0174","0.137","0.663","112.012","4"
"2Oe52Ggx8lxxI55azZbr5h","Amazwe (feat. Mawhoo)","Kabza De Small, Mthunzi, MaWhoo","37","9","5","South Africa","2024-11-18","58","False","463036","Isimo","2023-10-27","0.806","0.682","10","-9.961","0","0.0537","0.0159","0.00185","0.0548","0.582","112.992","4"
"20QQlFhbWCkMJ6WhC4G2X8","Bashimane","Officixl Rsa, Danny Shades","38","6","-7","South Africa","2024-11-18","56","True","377996","Bashimane","2024-09-27","0.573","0.468","8","-10.444","1","0.138","0.0005","0.000278","0.0462","0.621","149.07","5"
"3E1PwVodPiDbBHOI85CO9M","Ebasini (feat. Tman Xpress, Visca, Ceeka RSA, Sjavasdadeejayj & Al Xapo)","Tyler ICU, LeeMcKrazy, Tman Xpress, Visca, Ceeka RSA, Sjavasdadeejayj, Al xapo","39","11","0","South Africa","2024-11-18","59","False","407804","Ebasini (feat. Tman Xpress, Visca, Ceeka RSA, Sjavasdadeejayj & Al Xapo)","2024-02-23","0.831","0.556","7","-6.794","1","0.0523","0.0527","0.0425","0.025","0.478","113.009","4"
"3Aw4XtR8BopVdvJ1dGnevM","Amabhoza","Aymos, Mas Musiq, MaWhoo","40","10","-3","South Africa","2024-11-18","46","False","402896","Impilo","2024-08-30","0.805","0.627","11","-9.023","1","0.0651","0.0172","0.00418","0.11","0.731","112.006","4"
"1Cbl3Yq8rHo7hhDQmLQagU","PUSH 2 START","Tyla","41","-7","9","South Africa","2024-11-18","77","False","156825","TYLA +","2024-10-11","0.683","0.814","2","-3.505","1","0.0466","0.277","0.00826","0.0858","0.758","93.482","4"
"219UdZ1b9vuUe45FK2JeWx","Bo Thata","Babalwa M, Stixx, Nvcho","42","-1","7","South Africa","2024-11-18","57","False","548120","Candour","2024-10-25","0.766","0.64","8","-14.798","1","0.0476","0.0329","0.0726","0.0621","0.535","112.985","4"
"3QaPy1KgI7nu9FJEQUgn6h","WILDFLOWER","Billie Eilish","43","-4","-11","South Africa","2024-11-18","92","False","261466","HIT ME HARD AND SOFT","2024-05-17","0.467","0.247","6","-12.002","0","0.0431","0.612","0.000271","0.17","0.126","148.101","4"
"2plbrEY59IikOBgBGLjaoe","Die With A Smile","Lady Gaga, Bruno Mars","44","-7","-11","South Africa","2024-11-18","100","False","251667","Die With A Smile","2024-08-16","0.521","0.592","6","-7.777","0","0.0304","0.308","0.0","0.122","0.535","157.969","3"
"40zr1pQlSaIWUYyR8APyy2","Uhambe Wrongo (feat. Mr. Maker)","Bandros, Kelvin Momo, Smash SA, Mr. Maker","45","5","-2","South Africa","2024-11-18","57","False","368699","Uhambe Wrongo (feat. Mr. Maker)","2024-03-29","0.823","0.626","0","-12.512","1","0.0586","0.0962","0.796","0.161","0.313","112.012","4"
"0nW9PrcihaknNnldmEx08O","Amalanga (feat. TO Starquality, Chley & Kabza De Small)","Mas Musiq, Lawd Weezy, DJ Maphorisa, TO Starquality, Chley, KabSouth Africa De Small","46","4","-5","South Africa","2024-11-18","58","False","385747","Lane Yam","2024-09-13","0.904","0.54","5","-14.726","0","0.0627","0.0282","0.042","0.0972","0.36","112.009","4"
"4wU6xUwAgFnMwjMlxLevHb","Tlala o nyele","Kharishma, Ba Bethe Gashoazen","47","3","-3","South Africa","2024-11-18","53","False","207856","Tlala o nyele","2024-09-02","0.928","0.578","0","-10.405","1","0.185","0.0464","0.00708","0.0982","0.186","126.046","4"
"1QXVFSetJoPwwf8CLpcNAf","Ronaldo","Khuzani","48","-28","2","South Africa","2024-11-18","44","False","201544","Angidlali Nezingane","2024-11-15","0.746","0.83","8","-6.049","1","0.0375","0.647","1.14e-06","0.0727","0.916","129.252","4"
"4QpVAEqq1gKIyUlEVLobAn","Ndisize (Radio Edit)","Caiiro, Ami Faku","49","1","-13","South Africa","2024-11-18","53","False","220763","Caiiro","2024-07-05","0.719","0.702","5","-8.038","1","0.0409","0.00849","0.0909","0.138","0.425","116.986","4"
"6ZiPVgBrULcpN0n9qQ3XO4","Dali (feat. Bless The Gentleman & DJ Kap)","Blaq Major, BLESS THE GENTLEMAN, DJ KAP","50","0","0","South Africa","2024-11-18","54","False","218274","Dali (feat. Bless The Gentleman & DJ Kap)","2024-05-13","0.904","0.623","1","-7.064","1","0.039","0.0369","4.28e-06","0.0453","0.751","113.007","4"
"5vNRhkKd0yEAg8suGBpjeY","APT.","ROS√â, Bruno Mars","1","1","0","TW","2024-11-18","98","False","169917","APT.","2024-10-18","0.777","0.783","0","-4.477","0","0.26","0.0283","0.0","0.355","0.939","149.027","4"
"2N0SPREDYqILVEFSsWF5N5","Love Me Again","V","2","-1","0","TW","2024-11-18","86","False","182293","Layover","2023-08-11","0.633","0.607","0","-6.182","0","0.0532","0.183","1.38e-06","0.167","0.363","74.029","4"
"0PBTlQ84CBJF0tBnKGmQa6","FRI(END)S","V","3","0","3","TW","2024-11-18","86","False","148082","FRI(END)S","2024-03-15","0.466","0.601","8","-4.468","1","0.053","0.0315","0.0","0.0927","0.627","53.376","4"
"7tI8dRuH2Yc6RuoTjxo4dU","Who","Jimin","4","0","-1","TW","2024-11-18","92","False","170887","MUSE","2024-07-19","0.66","0.756","0","-3.743","0","0.032","0.00289","0.0","0.193","0.838","116.034","4"
"198zDKzyktXRG1PGpidY9h","DRIP","BABYMONSTER","5","0","-1","TW","2024-11-18","81","False","180845","DRIP","2024-11-01","0.862","0.687","6","-5.215","1","0.0702","0.065","0.0","0.0862","0.704","119.972","4"
"2Qcbspnftnon37jibwyvMU","I'll Be There","Jin","6","1","14","TW","2024-11-18","89","False","181677","I'll Be There","2024-10-25","0.538","0.738","10","-2.412","1","0.0445","0.0351","0.0","0.0898","0.736","148.887","4"
"3coRPMnFg2dJcPu5RMloa9","Whiplash","aespa","7","-1","-2","TW","2024-11-18","80","False","183226","Whiplash - The 5th Mini Album","2024-10-21","0.863","0.9","10","-2.974","0","0.0448","0.0953","0.0212","0.0786","0.748","126.023","4"
"2CspwnypzT7rcWI9RfsoSb","Mantra","JENNIE","8","0","-1","TW","2024-11-18","89","True","136627","Mantra","2024-10-10","0.894","0.725","10","-4.984","0","0.0432","0.00434","1.15e-05","0.0815","0.838","116.988","4"
"2plbrEY59IikOBgBGLjaoe","Die With A Smile","Lady Gaga, Bruno Mars","9","1","-1","TW","2024-11-18","100","False","251667","Die With A Smile","2024-08-16","0.521","0.592","6","-7.777","0","0.0304","0.308","0.0","0.122","0.535","157.969","3"
"30slz6D2PtbwDimGJaEVsH","ÈÅãËΩâ‰∫∫Áîü - ÂΩ±ÈõÜ„ÄäËèØÈ∫óË®àÁ®ãËªäË°å„ÄãÊèíÊõ≤","ÈÇ±Ëªç","10","1","0","TW","2024-11-18","63","False","208274","ÊÉÖÊ≠åÊâã","2024-02-23","0.532","0.579","0","-5.021","1","0.03","0.466","0.0","0.323","0.362","131.92","3"
"5sjnkOfTLCLNfkkchI2re2","UP - KARINA Solo","aespa","11","1","-2","TW","2024-11-18","82","False","166640","SYNK : PARALLEL LINE - Special Digital Single","2024-10-09","0.777","0.781","6","-4.479","0","0.043","0.0137","2.77e-06","0.0466","0.382","98.97","4"
"5h1BN75CEh8wdSwE1xrbSe","Slow Dancing","V","12","-3","3","TW","2024-11-18","78","False","187026","Layover","2023-09-08","0.579","0.63","8","-7.758","1","0.058","0.257","0.00462","0.0986","0.552","155.96","4"
"4p7DTkyrKqT98xlIwYYfXz","Running Wild","Jin","13","0","37","TW","2024-11-18","80","False","151646","Happy","2024-11-15","0.487","0.711","8","-4.22","1","0.0322","0.000175","0.0","0.152","0.317","146.921","4"
"6dOtVTDdiauQNBQEDOtlAB","BIRDS OF A FEATHER","Billie Eilish","14","0","-2","TW","2024-11-18","97","False","210373","HIT ME HARD AND SOFT","2024-05-17","0.747","0.507","2","-10.171","1","0.0358","0.2","0.0608","0.117","0.438","104.978","4"
"1NoDTQhJsrd5rnpb6PQthK","Èõ¢ÈñãÁöÑ‰∏ÄË∑Ø‰∏ä","ÁêÜÊÉ≥Ê∑∑Ëõã","15","0","-2","TW","2024-11-18","64","False","254961","ÂçäÁÜüÁêÜÊÉ≥","2023-10-27","0.597","0.506","2","-8.05","1","0.0267","0.0611","0.0","0.119","0.322","126.026","4"
"21LtZQQMQYwVIxc9O9Ygq8","Cherish (My Love)","ILLIT","16","0","-2","TW","2024-11-18","72","False","176854","Cherish (My Love) (Remixes)","2024-10-28","0.714","0.821","4","-3.835","1","0.065","0.236","0.0","0.164","0.303","142.97","4"
"2Ti4DCTo6Ag7QvaYex8A8B","Run Away","TZUYU","17","1","-1","TW","2024-11-18","72","False","198320","abouTZU","2024-09-06","0.761","0.892","5","-2.588","1","0.0717","0.0244","0.0","0.123","0.592","129.984","4"
"1aKvZDoLGkNMxoRYgkckZG","Magnetic","ILLIT","18","1","1","TW","2024-11-18","83","False","160688","SUPER REAL ME","2024-03-25","0.797","0.668","6","-5.819","1","0.0687","0.257","0.0","0.0876","0.69","131.067","4"
"580BvW3DyUNoYFgQgoD2GI","Hold On","È´òÁàæÂÆ£ OSN, Patrick Brasca","19","-2","5","TW","2024-11-18","63","False","180121","Hold On","2024-06-14","0.592","0.671","9","-5.054","1","0.0393","0.0152","0.0","0.318","0.207","76.037","4"
"0cOMncRq4cmDLO4tPQnkBF","Êì±Ê∑∫","Jay Chou","20","0","-9","TW","2024-11-18","63","False","238133","‰∏ÉÈáåÈ¶ô","2004-08-03","0.499","0.5","5","-7.189","1","0.0276","0.687","0.000726","0.141","0.127","122.686","4"
"5lKnZbdGCBViitE1Ce5TZh","Supernova","aespa","21","0","0","TW","2024-11-18","72","False","178880","Armageddon - The 1st Album","2024-05-26","0.744","0.747","11","-4.281","0","0.0824","0.00691","2.03e-06","0.0739","0.368","120.077","4"
"6aJn7Cst74cj4lNIiPRgav","Touch","KATSEYE","22","4","0","TW","2024-11-18","85","False","129882","Touch","2024-07-26","0.739","0.904","5","-2.655","0","0.0442","0.549","1.03e-05","0.0948","0.788","167.033","4"
"2DbDefRFJ5YOfXCKOeCJJh","Igloo","KISS OF LIFE","23","-1","6","TW","2024-11-18","80","False","131786","Lose Yourself","2024-10-15","0.916","0.609","11","-4.457","0","0.217","0.168","0.0","0.0906","0.873","139.912","4"
"2ASWo8MTESnHQhJhpMSPbF","ËÉΩÈÅáË¶ãÔºåÂ∞±Âæà‰∏çÈåØ‰∫Ü","Firdhaus","24","0","1","TW","2024-11-18","66","False","229655","ËÉΩÈÅáË¶ãÔºåÂ∞±Âæà‰∏çÈåØ‰∫Ü","2024-06-30","0.473","0.223","7","-9.585","1","0.0329","0.856","0.0","0.107","0.367","115.865","4"
"6GyUt7yJ0sOktc5HjvVnFh","Âú®Âä†Á¥çÂÖ±ÂíåÂúãÈõ¢Â©ö","Firdhaus, DIOR Â§ßÁ©é","25","-2","-7","TW","2024-11-18","66","False","261000","Âú®Âä†Á¥çÂÖ±ÂíåÂúãÈõ¢Â©ö","2023-08-14","0.415","0.381","7","-9.731","1","0.0516","0.859","0.0","0.129","0.241","116.053","4"
"2VEt42QSQxILgEf9B50xxm","‰∏çÊòØÂõ†ÁÇ∫Â§©Ê∞£Êô¥ÊúóÊâçÊÑõ‰Ω†","ÁêÜÊÉ≥Ê∑∑Ëõã","26","4","6","TW","2024-11-18","62","False","240753","‰∏çÊòØÂõ†ÁÇ∫Â§©Ê∞£Êô¥ÊúóÊâçÊÑõ‰Ω†","2018-08-06","0.507","0.271","8","-13.185","1","0.0347","0.753","1.23e-06","0.0883","0.399","135.783","4"
"1b6qYBwDMBpFylGVT4PRgD","Heart on the Window (with WENDY)","Jin, WENDY","27","12","23","TW","2024-11-18","71","False","177093","Happy","2024-11-15","0.615","0.865","11","-6.114","0","0.0522","0.0536","0.0","0.738","0.52","145.999","4"
"5HVq8nS0pbM6G7YK8M7DY4","ÊÑõÊÉÖÁöÑÂ§ßÂ£ûËõã","Amazing Show","28","-3","0","TW","2024-11-18","60","False","187266","Amazing ShowÂêåÂêçÂ∞àËºØ","2024-09-30","0.381","0.844","1","-4.236","0","0.053","0.00263","0.0","0.203","0.492","167.9","4"
"6b6KXDbDn0s0Jepxm8a3nr","FOREVER","BABYMONSTER","29","2","-6","TW","2024-11-18","69","False","212734","DRIP","2024-11-01","0.835","0.703","0","-4.368","1","0.0528","0.103","0.0","0.133","0.661","129.995","4"
"5pIcwtJYNJx93l420oR2Vm","Êô¥Â§©","Jay Chou","30","-3","-4","TW","2024-11-18","63","False","269746","ËëâÊÉ†Áæé","2003-07-29","0.544","0.564","7","-7.275","1","0.0242","0.225","0.000833","0.101","0.412","137.136","4"
"3yDRcs0Y4pPzkvMbUfeF9H","Moonlit Floor (Kiss Me)","LISA","31","-3","-4","TW","2024-11-18","89","False","155757","Moonlit Floor (Kiss Me)","2024-10-03","0.733","0.786","5","-3.951","0","0.112","0.128","0.0","0.31","0.672","109.954","4"
"3DeK5G7OhuJ1P1462XXgIu","Falling","Jin","32","9","18","TW","2024-11-18","70","False","178838","Happy","2024-11-15","0.662","0.708","8","-4.626","0","0.0338","0.038","0.00023","0.0483","0.607","127.988","4"
"4xbq37lr4SuP3kuxj9y8gp","Another Level","Jin","33","9","17","TW","2024-11-18","71","False","162834","Happy","2024-11-15","0.548","0.577","4","-4.877","1","0.0284","0.159","0.0","0.0642","0.348","80.036","4"
"4b2fMv44GAYpsDSK4ihbsI","Armageddon","aespa","34","-2","-4","TW","2024-11-18","72","False","196466","Armageddon - The 1st Album","2024-05-26","0.695","0.789","9","-2.05","1","0.0671","0.0651","1.39e-06","0.168","0.469","91.991","4"
"5c2BZj7YSGHwvjf2CtO2S4","I will come to you","Jin","35","11","15","TW","2024-11-18","70","False","156964","Happy","2024-11-15","0.625","0.129","7","-13.824","1","0.0343","0.897","0.0","0.0856","0.496","79.979","4"
"3V2v19gDm4rmRkMwcgS4X2","Êúâ‰∫õ","È¢ú‰∫∫‰∏≠","36","-2","2","TW","2024-11-18","64","False","229523","Â§±Áú†ÁóáÂÄôÁæ§","2019-12-14","0.685","0.535","7","-7.53","1","0.0433","0.744","0.0","0.081","0.369","125.922","4"
"7fAdinC2UTc0Y9GiKrkTtu","Â≠óÂ≠óÂè•Âè•","Âç¢Âç¢Âø´Èó≠Âò¥","37","-1","6","TW","2024-11-18","64","False","200000","Â≠óÂ≠óÂè•Âè•","2022-12-29","0.488","0.452","2","-8.957","1","0.0456","0.732","0.0","0.108","0.368","138.072","4"
"2HRqTpkrJO5ggZyyK6NPWz","Espresso","Sabrina Carpenter","38","0","-4","TW","2024-11-18","88","True","175459","Short n' Sweet","2024-08-23","0.699","0.776","0","-5.282","1","0.0293","0.131","5.36e-06","0.205","0.708","103.963","4"
"4XsJiRJQAK8TWcZCn0Dxlh","POWER","G-DRAGON","39","-10","-22","TW","2024-11-18","74","False","143242","POWER","2024-10-31","0.607","0.857","2","-3.287","1","0.301","0.164","0.0","0.211","0.732","179.749","4"
"2HRgqmZQC0MC7GeNuDIXHN","Seven (feat. Latto) (Explicit Ver.)","Jung Kook, Latto","40","-3","-1","TW","2024-11-18","84","True","183550","GOLDEN","2023-11-03","0.79","0.831","11","-4.185","1","0.044","0.312","0.0","0.0797","0.872","124.987","4"
"4JBZuPALOvU2PC8E7t02vY","Â¶ÇÊûúÁà±Âøò‰∫Ü - Live","Silence Wang, ÂñÆ‰æùÁ¥î","41","-1","-5","TW","2024-11-18","65","False","245394","Â¶ÇÊûúÁà±Âøò‰∫Ü (Live)","2024-02-27","0.27","0.464","1","-7.66","1","0.0351","0.76","0.0","0.113","0.146","137.148","4"
"1IS0WFyiVpwsATeSzjEvpI","Êµ™ÊµÅÈÄ£","EggPlantEgg","42","-7","-5","TW","2024-11-18","59","False","253723","ÊàëÂÄë‰ª•ÂæåË¶ÅÁµêÂ©ö","2019-09-03","0.536","0.503","0","-8.027","1","0.0407","0.376","1.2e-06","0.0769","0.155","123.594","4"
"0Rq9lIn9fl4wiW9Tg72ifr","CLIK CLAK","BABYMONSTER","43","4","7","TW","2024-11-18","74","False","169073","DRIP","2024-11-01","0.944","0.593","9","-6.956","1","0.124","0.0142","8.39e-05","0.0401","0.417","135.01","4"
"4kmr3vOJq52QS7WUh3aRyc","ÈÄôÈ∫ºÂ§öÂπ¥","Èô≥ËèØ","44","4","-13","TW","2024-11-18","45","False","252000","Âú®Ê•µÂ∫¶ÊÑõ‰Ω†ÁöÑÊó•Â≠êË£°","2024-11-08","0.515","0.416","3","-7.548","1","0.0292","0.845","0.0","0.154","0.207","129.752","4"
"1AtFSBJibfaqfiOByQCwZ5","Small girl (feat. D.O.)","Lee Young Ji, D.O.","45","0","-12","TW","2024-11-18","72","False","189706","16 Fantasy","2024-06-21","0.77","0.597","1","-4.901","1","0.223","0.53","0.0","0.239","0.875","170.022","4"
"5Mxrr2d5V0f5btmaxm1w3X","ÊÑõ‰∏çÊÑõÊàë","ÈÇ±Ëªç","46","-3","4","TW","2024-11-18","57","False","283000","ÊÉÖÊ≠åÊâã","2024-02-23","0.519","0.599","1","-4.715","1","0.028","0.633","0.0","0.117","0.268","78.052","4"
"1SS0WlKhJewviwEDZ6dWj0","SPOT!","ZICO, JENNIE","47","3","-6","TW","2024-11-18","78","False","167706","SPOT!","2024-04-26","0.875","0.782","5","-3.905","0","0.078","0.151","0.0","0.113","0.906","108.038","4"
"4gxEY3Mh5FZZDAJAKPNrCS","CRAZY","LE SSERAFIM","48","-4","-13","TW","2024-11-18","80","False","164554","CRAZY (Party Remixes 1)","2024-09-02","0.802","0.899","11","-2.223","0","0.126","0.00953","0.000291","0.101","0.531","130.047","4"
"3OXHwY8gI2QUh0QliXBwrI","ÊÑõ, ÂæàÁ∞°ÂñÆ","David Tao","49","0","1","TW","2024-11-18","63","False","269533","Èô∂ÂñÜÂêåÂêçÂ∞àËºØ","1997-12-06","0.554","0.39","1","-10.28","1","0.0303","0.569","0.0","0.261","0.292","137.64","4"
"48shm8jmaY2daKSe4gSKP6","ÊÉ≥Âøµ‰Ω†ÊÉ≥Êàë","Eric Chou","50","-17","0","TW","2024-11-18","50","False","240461","ÊÉ≥Âøµ‰Ω†ÊÉ≥Êàë","2024-11-15","0.463","0.482","9","-5.676","1","0.0265","0.655","0.0","0.256","0.416","139.842","4"
"1lNcnIU4jtqD69Qtfjh8EJ","Sana G√ºvenmiyorum - Dedub Sessions","Dedubl√ºman, Aleyna Tilki","1","0","0","TR","2024-11-18","78","False","204833","Sana G√ºvenmiyorum (Dedub Sessions)","2024-11-01","0.378","0.666","11","-7.385","0","0.0283","0.0282","5.71e-05","0.456","0.525","89.909","4"
"7FfdTwI2i0b5PNeNvqtqCY","Italy Forma","Ati242","2","0","0","TR","2024-11-18","78","True","181346","Manifesto","2024-10-11","0.488","0.858","9","-5.768","0","0.398","0.16","0.0","0.295","0.673","98.02","4"
"0K791kh3oLkBD5KVWg1LJ8","CISTAK","Era7capone, Batuflex, Narco","3","0","1","TR","2024-11-18","76","True","136000","CISTAK","2024-09-13","0.828","0.699","9","-9.474","1","0.112","0.348","0.0","0.113","0.813","120.027","4"
"3ff93VTp2DBbNnDEsAW8Cm","SEVMEYƒ∞ DENEMEDƒ∞N","BLOK3","4","0","1","TR","2024-11-18","77","False","172900","OBSESIF","2024-09-13","0.744","0.439","1","-11.238","0","0.0336","0.384","3.09e-05","0.0847","0.529","100.027","4"
"5pEpvR03HbLxkBtK73EeJw","Deƒüi≈ümene Raƒümen","Ati242","5","0","2","TR","2024-11-18","71","False","185786","Manifesto","2024-10-11","0.724","0.698","7","-6.607","0","0.0669","0.537","3.33e-06","0.417","0.559","96.962","4"
"1UIznGFIwNUKUza5kJ9f2G","Canƒ±n Beni √áekti","Melike ≈ûahin","6","0","-3","TR","2024-11-18","61","False","193621","AKKOR","2024-11-08","0.648","0.855","5","-6.211","0","0.0373","0.157","4.42e-05","0.343","0.895","100.015","4"
"5VykLQtjCYF6qFq59HbUg9","Sen Bilmezsin","Dedubl√ºman","7","0","8","TR","2024-11-18","74","False","173307","Sen Bilmezsin","2024-03-15","0.532","0.566","10","-7.802","0","0.031","0.137","3.81e-05","0.161","0.378","130.005","4"
"2SVoUZdzxuDuxBdHSO73KF","Yasemen","Afra","8","0","0","TR","2024-11-18","76","False","150909","Yasemen","2024-10-04","0.429","0.409","6","-12.433","0","0.0485","0.613","0.0","0.137","0.211","131.421","3"
"57w7FOfLpXZ9GWlAooYrSK","D√º≈ümez Kalkmaz","Canbay & Wolker","9","0","2","TR","2024-11-18","72","False","155689","D√º≈ümez Kalkmaz","2024-08-23","0.773","0.756","11","-6.075","0","0.161","0.146","2.56e-06","0.355","0.69","116.001","4"
"0osZ5jmtTtHJt8pPz6RL2N","ƒ∞NTƒ∞HAR","Era7capone, NASTEISHA","10","1","-1","TR","2024-11-18","72","False","128000","7EDI","2024-09-13","0.702","0.516","1","-10.6","0","0.411","0.35","0.0","0.107","0.148","90.015","4"
"4HuB9A0O1XwmwTVtTgODm8","25","Ati242","11","1","5","TR","2024-11-18","72","False","210044","25","2022-05-13","0.735","0.743","11","-8.21","0","0.153","0.318","0.0","0.131","0.414","120.031","4"
"38d47UiHhyu4wdbPYz0ZUB","Onlar Anlamaz Halden","Semicenk","12","-2","-2","TR","2024-11-18","75","False","174000","Ge√ßiyor Zaman","2024-08-09","0.707","0.327","0","-17.176","0","0.0687","0.185","0.0148","0.155","0.181","90.025","4"
"3ma4Ef3Bnl3UBOV4ShiMLX","Ge√ßiyor zaman","Semicenk","13","0","0","TR","2024-11-18","75","False","158571","Ge√ßiyor Zaman","2024-08-09","0.629","0.729","7","-5.235","0","0.0379","0.431","7.75e-05","0.253","0.427","98.022","4"
"0QuKutgaaa0Q1WUZEnrZ93","S√∂nen Sigaralar","Ati242","14","0","14","TR","2024-11-18","72","True","211426","Manifesto","2024-10-11","0.683","0.605","5","-7.829","0","0.0336","0.0643","0.0848","0.151","0.61","125.077","4"
"1RI3YE0BqwN2Fd6Ej0gTqW","OF OF OF","ElMusto, Organize","15","1","-3","TR","2024-11-18","73","False","144000","OF OF OF","2024-07-26","0.852","0.629","11","-10.833","0","0.264","0.153","0.0","0.0739","0.739","119.999","4"
"1kfXupjpLLLwSkzebqZT2X","Telefon","Ati242","16","-1","4","TR","2024-11-18","70","True","168542","Manifesto","2024-10-11","0.586","0.56","10","-8.932","1","0.285","0.178","1.77e-05","0.135","0.323","127.073","4"
"28Aau4tlztDlgKJQXrWhZR","√ñn√ºm√ºz Yaz","Simge","17","5","0","TR","2024-11-18","74","False","181518","√ñn√ºm√ºz Yaz","2024-06-21","0.726","0.914","7","-4.226","1","0.0802","0.0758","0.0","0.54","0.839","108.02","4"
"4E10qEzOmTIVmrg6Wz2RHj","Saygƒ±mdan","Beng√º","18","-1","-4","TR","2024-11-18","71","False","271210","ƒ∞kinci Hal","2014-10-17","0.725","0.661","5","-5.269","0","0.0343","0.283","0.0","0.225","0.618","127.974","4"
"5RZH849e1ZWa2qeVz6O3mK","Halbuki","Yalƒ±n","19","0","10","TR","2024-11-18","71","False","202325","Halbuki","2020-06-05","0.619","0.774","1","-8.762","0","0.0731","0.305","4.93e-06","0.118","0.42","165.969","4"
"0mSFwDtiAPPNwBOSFnI3G5","Bunca Yƒ±l - Dedub Sessions","Dedubl√ºman, Can Kazaz","20","-2","-2","TR","2024-11-18","74","False","278082","Bunca Yƒ±l (Dedub Sessions)","2024-09-20","0.291","0.661","11","-8.012","0","0.0512","0.0654","0.0","0.34","0.505","120.985","5"
"3Lpeu0zbUXY1WfoGy1vEuh","Kalbim Yanƒ±mda","Ati242","21","-1","0","TR","2024-11-18","69","False","166736","Manifesto","2024-10-11","0.74","0.654","5","-7.675","0","0.134","0.226","0.0419","0.147","0.685","95.013","4"
"5Jpln46zz6l9KSMw1kLDPP","Duydun Mu?","Yusuf G√ºney","22","1","28","TR","2024-11-18","50","False","221159","Duydun Mu?","2020-03-07","0.644","0.789","10","-7.885","0","0.0336","0.633","7.37e-06","0.295","0.811","96.005","4"
"4mwKj8jNSq8eTp3ylpcBAE","Beni Hatƒ±rla","Nazan √ñncel","23","4","3","TR","2024-11-18","71","False","312000","Yan Yana Fotoƒüraf √áektirelim","2003-09-24","0.69","0.626","10","-8.398","0","0.0496","0.538","3.53e-05","0.164","0.608","84.011","4"
"7JVUP1J9urt49OdiFbWGeZ","ESC*BAR","BLOK3","24","-3","0","TR","2024-11-18","67","True","136039","OBSESIF","2024-09-13","0.789","0.54","5","-10.65","1","0.24","0.314","0.000176","0.103","0.554","100.974","4"
"5XQ1eD5Esz1CzdjH9bzbzn","Ait Hissetmiyorum","Ati242","25","-1","6","TR","2024-11-18","72","True","110000","Manifesto","2024-10-11","0.45","0.538","5","-11.754","0","0.152","0.705","6.48e-05","0.139","0.328","96.809","4"
"36SKXwHlE1zYin3xwPRDnU","Tƒ±rnaƒüƒ±n Kƒ±rƒ±lmasƒ±n","Emir Can ƒ∞ƒürek","26","-1","-1","TR","2024-11-18","69","False","215172","Tƒ±rnaƒüƒ±n Kƒ±rƒ±lmasƒ±n","2024-11-01","0.344","0.678","4","-10.027","0","0.0573","0.316","0.000217","0.662","0.675","173.891","4"
"2ugG3itPOpM9IANApt473B","Pƒ∞≈ûT","Era7capone","27","-1","-5","TR","2024-11-18","71","True","128938","Pƒ∞≈ûT","2024-10-04","0.85","0.618","0","-9.009","1","0.289","0.126","0.0","0.0808","0.776","120.041","4"
"3ZwRkdnTb4az8X5n4WXuHA","aklƒ±na ben gelicem","BLOK3","28","1","7","TR","2024-11-18","70","False","149406","aklƒ±na ben gelicem","2023-09-22","0.277","0.546","10","-10.798","0","0.062","0.148","0.0","0.244","0.217","199.957","4"
"6dQJfND64RJy6xJQMsc3ij","D√ºƒü√ºn Dernek","Jeff Redd","29","4","-6","TR","2024-11-18","71","False","121875","D√ºƒü√ºn Dernek","2024-07-26","0.758","0.848","9","-5.247","1","0.0668","0.383","0.0","0.15","0.923","128.028","4"
"1JcYQfCTP7qXC4F8AO0h9W","Kaptan","Ati242","30","-2","-3","TR","2024-11-18","69","False","191173","Manifesto","2024-10-11","0.775","0.833","4","-7.471","0","0.239","0.371","0.00357","0.11","0.56","102.971","4"
"1TxvnXbTRmYwtlkFEn8Rpb","Uzaktan","G√∂ksel","31","-1","2","TR","2024-11-18","68","False","219872","Bende Bi' A≈ük Var","2012-01-09","0.488","0.884","8","-4.716","0","0.0567","0.191","0.0","0.0806","0.808","183.889","4"
"2CZzw0He9fzyi2FkBkn4Bk","K√ºle D√∂nm√º≈üs√ºn","Semicenk, Doƒüu Swag","32","0","0","TR","2024-11-18","72","False","142973","K√ºle D√∂nm√º≈üs√ºn","2024-06-14","0.831","0.606","8","-4.84","0","0.0626","0.684","1.04e-06","0.0973","0.883","95.056","4"
"1PiyTtoNn0m4kfJWLfjHny","Bertaraf","Canbay & Wolker, Heijan, Muti","33","9","4","TR","2024-11-18","69","False","154298","SIR","2023-09-29","0.674","0.937","11","-5.738","0","0.0937","0.0163","0.00172","0.385","0.784","105.073","4"
"1f9X5YDmXDxyIwhzB06JJd","Dale Don Dale","ElMusto","34","-3","-4","TR","2024-11-18","72","False","118104","Dale Don Dale","2024-05-17","0.802","0.741","0","-3.413","1","0.0604","0.139","0.000182","0.0479","0.459","121.974","4"
"4y3QBJf9E8yDJCEFbRK8xk","Yankƒ±","Simge","35","1","9","TR","2024-11-18","69","False","265964","Yankƒ±","2016-02-05","0.592","0.776","1","-6.46","1","0.0398","0.00674","4.39e-06","0.437","0.416","90.963","4"
"0E1hVdXGZu0MoE77bYyjie","YANKI X ƒ∞NTƒ∞HAR","Simge, Era7capone, Ozan Bayra≈üa, SNOW","36","14","14","TR","2024-11-18","54","False","151512","YANKI X ƒ∞NTƒ∞HAR","2024-11-14","0.571","0.777","1","-6.673","1","0.0713","0.0462","2.16e-05","0.63","0.692","91.132","4"
"2j7M9A1Ko4LHi46sAmgLSF","Maybach","Ati242","37","-3","1","TR","2024-11-18","71","True","167893","Manifesto","2024-10-11","0.741","0.851","11","-4.469","0","0.306","0.214","0.0","0.234","0.415","140.059","4"
"5Y5fFEqazjbtNAgbx9noTF","VURDUM TELLERƒ∞NE","M Lisa","38","0","10","TR","2024-11-18","67","False","133500","MONA LISA","2024-09-27","0.664","0.528","7","-8.263","1","0.0308","0.655","0.0","0.152","0.48","80.044","4"
"7rB7UrKvW1yfFEiRrZsrXt","Yarasalar","Ati242","39","-4","11","TR","2024-11-18","70","True","257906","Manifesto","2024-10-11","0.7","0.691","2","-6.429","0","0.165","0.367","0.00177","0.167","0.463","94.996","4"
"3miwaS9uZ7pZHi1zNyLGi0","T√∂vbe","Derya Bedavacƒ±","40","10","10","TR","2024-11-18","60","False","192166","T√∂vbe","2023-07-01","0.675","0.739","9","-4.923","0","0.0717","0.217","0.0","0.281","0.421","141.932","4"
"1ppnRAPv8zJjrNy4TW5w7M","ILTIMAS X SUBMARINER","AKDO, G√ºl≈üen, Murat Boz, Lvbel C5","41","6","-1","TR","2024-11-18","70","False","181874","ILTIMAS X SUBMARINER","2024-05-13","0.755","0.841","10","-5.885","0","0.163","0.104","0.0","0.109","0.723","128.069","4"
"6Abw6zEw0EbfFC6OJob4Ph","Na√ßar","Emre Fel","42","-2","-1","TR","2024-11-18","71","False","200423","Na√ßar","2024-09-13","0.564","0.722","6","-6.62","0","0.0324","0.46","0.212","0.313","0.734","149.789","4"
"4CDY8eGMrkQjyOTkvsXiq0","Aradan √áok Yƒ±llar Ge√ßti","Tuƒü√ße Kandemir","43","-6","-4","TR","2024-11-18","72","False","170490","Aradan √áok Yƒ±llar Ge√ßti","2024-07-03","0.745","0.7","0","-4.863","0","0.095","0.116","0.000469","0.0837","0.57","86.003","4"
"300xFtOH49F80uB7BSAsEf","√á√ñZEMEZLER","Lvbel C5, AKDO","44","-1","-10","TR","2024-11-18","71","False","130974","TEMPO","2024-08-08","0.779","0.504","2","-9.145","1","0.311","0.0492","3.82e-05","0.0707","0.523","66.905","4"
"3AaGQ8lTi31RBk9WMDfPX5","D√º≈ü√º≈ülerim Fazla","ZEDƒ∞","45","5","5","TR","2024-11-18","60","False","139585","D√º≈ü√º≈ülerim Fazla","2024-11-08","0.557","0.614","11","-6.747","0","0.0376","0.714","6.43e-06","0.334","0.312","98.205","4"
"6cjIlxXM1ca6nxkJ0p27jU","Dilerim Ki","Dolu Kadehi Ters Tut","46","0","4","TR","2024-11-18","69","False","200000","Dilerim Ki","2024-01-12","0.543","0.779","11","-7.384","0","0.0415","0.166","0.00234","0.276","0.46","93.944","4"
"4biLp5rLnSeDTnn5lYW2V0","Deme","Derya Bedavacƒ±","47","3","3","TR","2024-11-18","63","False","201717","Deme","2019-10-24","0.346","0.596","11","-4.791","0","0.121","0.519","0.0","0.18","0.479","164.095","4"
"0JMJAump4huv3wtiNxRbTx","Intro","Ati242","48","-4","-3","TR","2024-11-18","70","True","104840","Manifesto","2024-10-11","0.624","0.436","11","-12.362","0","0.0555","0.869","0.0","0.226","0.792","114.979","4"
"6t18CcJVpnFAoWfcZxiZtk","Sakladƒ±ƒüƒ±n Bir ≈ûeyler Var","Dedubl√ºman","49","-10","-7","TR","2024-11-18","69","False","196800","Sakladƒ±ƒüƒ±n Bir ≈ûeyler Var","2021-07-16","0.473","0.839","1","-7.837","0","0.0399","0.19","0.000253","0.0714","0.411","100.033","4"
"3blRKhNNedjdZFR0b9Wtxw","La La La","Jeff Redd","50","-9","-3","TR","2024-11-18","67","False","139047","La La La","2024-08-23","0.773","0.545","9","-6.8","0","0.0361","0.294","2.85e-05","0.486","0.613","125.976","4"
"4p7DTkyrKqT98xlIwYYfXz","Running Wild","Jin","1","0","49","TH","2024-11-18","80","False","151646","Happy","2024-11-15","0.487","0.711","8","-4.22","1","0.0322","0.000175","0.0","0.152","0.317","146.921","4"
"3yDRcs0Y4pPzkvMbUfeF9H","Moonlit Floor (Kiss Me)","LISA","2","0","0","TH","2024-11-18","89","False","155757","Moonlit Floor (Kiss Me)","2024-10-03","0.733","0.786","5","-3.951","0","0.112","0.128","0.0","0.31","0.672","109.954","4"
"7tI8dRuH2Yc6RuoTjxo4dU","Who","Jimin","3","1","-2","TH","2024-11-18","92","False","170887","MUSE","2024-07-19","0.66","0.756","0","-3.743","0","0.032","0.00289","0.0","0.193","0.838","116.034","4"
"2N0SPREDYqILVEFSsWF5N5","Love Me Again","V","4","-1","-1","TH","2024-11-18","86","False","182293","Layover","2023-08-11","0.633","0.607","0","-6.182","0","0.0532","0.183","1.38e-06","0.167","0.363","74.029","4"
"6BN3iFjclJ4teGlmB3fFvo","Yours Ever","Cocktail, Q Flure","5","0","1","TH","2024-11-18","69","False","259380","Yours Ever","2024-08-29","0.614","0.883","3","-4.846","1","0.0284","0.0446","0.0","0.257","0.781","92.003","4"
"5vNRhkKd0yEAg8suGBpjeY","APT.","ROS√â, Bruno Mars","6","1","1","TH","2024-11-18","98","False","169917","APT.","2024-10-18","0.777","0.783","0","-4.477","0","0.26","0.0283","0.0","0.355","0.939","149.027","4"
"2KslE17cAJNHTsI2MI0jb2","Standing Next to You","Jung Kook","7","3","-2","TH","2024-11-18","89","False","206019","GOLDEN","2023-11-03","0.711","0.809","2","-4.389","0","0.0955","0.0447","0.0","0.339","0.816","106.017","4"
"6uPnrBgweGOcwjFL4ItAvV","Whiplash","aespa","8","42","42","TH","2024-11-18","80","False","183226","Whiplash - The 5th Mini Album","2024-10-21","0.856","0.901","8","-2.954","0","0.0455","0.0943","0.0206","0.0802","0.743","126.007","4"
"2plbrEY59IikOBgBGLjaoe","Die With A Smile","Lady Gaga, Bruno Mars","9","0","0","TH","2024-11-18","100","False","251667","Die With A Smile","2024-08-16","0.521","0.592","6","-7.777","0","0.0304","0.308","0.0","0.122","0.535","157.969","3"
"3grGyWGWsuIUxA2CudpwAB","‡∏ô‡πâ‡∏≥‡∏´‡∏≠‡∏°","Cocktail","10","1","4","TH","2024-11-18","62","False","207387","‡∏ô‡πâ‡∏≥‡∏´‡∏≠‡∏° - Single","2024-10-15","0.553","0.815","4","-7.32","0","0.0491","0.464","2.28e-05","0.138","0.491","88.97","4"
"2OULHL0yM3KbaHC1vlTffC","The Trouble is..‡∏õ‡∏±‡∏ç‡∏´‡∏≤‡∏Ç‡∏≠‡∏á‡∏â‡∏±‡∏ô - From ""‡∏´‡∏ô‡∏∂‡πà‡∏á‡πÉ‡∏ô‡∏£‡πâ‡∏≠‡∏¢""","Violette Wautier","11","2","7","TH","2024-11-18","63","False","190714","The Trouble is..‡∏õ‡∏±‡∏ç‡∏´‡∏≤‡∏Ç‡∏≠‡∏á‡∏â‡∏±‡∏ô (From ""‡∏´‡∏ô‡∏∂‡πà‡∏á‡πÉ‡∏ô‡∏£‡πâ‡∏≠‡∏¢"")","2024-09-10","0.568","0.42","6","-6.29","1","0.0267","0.562","0.0","0.184","0.461","139.933","3"
"2AdBbeVaEdW731a3FXJAJC","‡∏≠‡∏¢‡∏π‡πà‡πÑ‡∏î‡πâ‡πÅ‡∏•‡πâ‡∏ß","Lipta, Mirrr","12","2","7","TH","2024-11-18","64","False","253421","‡∏≠‡∏¢‡∏π‡πà‡πÑ‡∏î‡πâ‡πÅ‡∏•‡πâ‡∏ß","2024-07-30","0.555","0.648","11","-7.053","1","0.037","0.366","0.0","0.318","0.509","75.016","4"
"6dOtVTDdiauQNBQEDOtlAB","BIRDS OF A FEATHER","Billie Eilish","13","3","2","TH","2024-11-18","97","False","210373","HIT ME HARD AND SOFT","2024-05-17","0.747","0.507","2","-10.171","1","0.0358","0.2","0.0608","0.117","0.438","104.978","4"
"7ov3TDp5D00Rnu5R1viX4w","New Woman (feat. ROSAL√çA)","LISA, ROSAL√çA","14","3","-4","TH","2024-11-18","85","False","179789","New Woman (feat. ROSAL√çA)","2024-08-15","0.477","0.854","7","-4.715","1","0.275","0.0858","0.0","0.065","0.314","140.515","5"
"0cvETHNq3ZkPHdYCqRXhzk","‡∏Ç‡∏≠‡πÇ‡∏ó‡∏©‡∏•‡∏∞‡∏Å‡∏±‡∏ô (friend to friend)","PP Krit","15","5","1","TH","2024-11-18","69","False","166265","‡∏Ç‡∏≠‡πÇ‡∏ó‡∏©‡∏•‡∏∞‡∏Å‡∏±‡∏ô (friend to friend)","2024-10-22","0.773","0.545","0","-6.692","1","0.0455","0.156","0.0","0.121","0.495","83.006","4"
"4kE80JWRissrodmXuo0xYi","‡∏î‡∏≠‡∏Å‡πÑ‡∏°‡πâ‡∏ó‡∏µ‡πà‡∏£‡∏≠‡∏ù‡∏ô (spring)","THE TOYS, NONT TANONT","16","3","4","TH","2024-11-18","67","False","228000","‡∏î‡∏≠‡∏Å‡πÑ‡∏°‡πâ‡∏ó‡∏µ‡πà‡∏£‡∏≠‡∏ù‡∏ô (spring)","2024-07-19","0.685","0.438","9","-9.944","1","0.0316","0.389","0.0","0.171","0.6","119.987","4"
"2CspwnypzT7rcWI9RfsoSb","Mantra","JENNIE","17","-5","-5","TH","2024-11-18","89","True","136627","Mantra","2024-10-10","0.894","0.725","10","-4.984","0","0.0432","0.00434","1.15e-05","0.0815","0.838","116.988","4"
"4RiudH8RehvLLrk8uNgIdR","Nightwalker","TEN","18","0","-1","TH","2024-11-18","74","False","204373","TEN - The 1st Mini Album","2024-02-13","0.439","0.704","7","-5.162","1","0.108","0.111","3.28e-05","0.33","0.576","128.038","4"
"198zDKzyktXRG1PGpidY9h","DRIP","BABYMONSTER","19","-4","31","TH","2024-11-18","81","False","180845","DRIP","2024-11-01","0.862","0.687","6","-5.215","1","0.0702","0.065","0.0","0.0862","0.704","119.972","4"
"2Qcbspnftnon37jibwyvMU","I'll Be There","Jin","20","-14","-12","TH","2024-11-18","89","False","181677","I'll Be There","2024-10-25","0.538","0.738","10","-2.412","1","0.0445","0.0351","0.0","0.0898","0.736","148.887","4"
"24VfUtHxbkCrscWC00toom","‡∏Ñ‡∏ß‡∏≤‡∏°‡∏ó‡∏£‡∏á‡∏à‡∏≥","Musketeers","21","3","25","TH","2024-11-18","59","False","258973","Left Right And Something","2015-12-16","0.501","0.648","0","-5.771","1","0.0272","0.0381","2.1e-06","0.0913","0.504","180.043","4"
"01qFKNWq73UfEslI0GvumE","3D (feat. Jack Harlow)","Jung Kook, Jack Harlow","22","3","-9","TH","2024-11-18","79","True","201812","3D : The Remixes","2023-10-02","0.853","0.824","1","-3.287","1","0.103","0.0322","0.0","0.0859","0.888","108.044","4"
"43eS61ezviPc61XDu6tRYR","‡πÄ‡∏ú‡∏∑‡πà‡∏≠‡∏ß‡∏±‡∏ô‡πÑ‡∏´‡∏ô‡πÄ‡∏ò‡∏≠‡∏à‡∏∞‡∏Å‡∏•‡∏±‡∏ö‡∏°‡∏≤","guncharlie","23","5","4","TH","2024-11-18","64","False","239683","‡πÄ‡∏ú‡∏∑‡πà‡∏≠‡∏ß‡∏±‡∏ô‡πÑ‡∏´‡∏ô‡πÄ‡∏ò‡∏≠‡∏à‡∏∞‡∏Å‡∏•‡∏±‡∏ö‡∏°‡∏≤","2024-02-29","0.596","0.631","8","-8.884","1","0.029","0.0232","3.19e-06","0.294","0.49","133.773","4"
"5jj7yXcilVsZPpyYtmD28X","‡∏à‡∏≥‡∏ô‡∏ô","NONT TANONT","24","3","-2","TH","2024-11-18","66","False","249230","‡∏à‡∏≥‡∏ô‡∏ô","2024-03-14","0.63","0.628","10","-5.514","1","0.0334","0.616","0.0","0.0964","0.562","129.882","4"
"15cQVPbbwv0sZXrHRIAZeX","When I'm With You","NCT DREAM","25","25","25","TH","2024-11-18","76","False","211400","DREAMSCAPE","2024-11-11","0.75","0.9","10","-3.804","1","0.0978","0.0121","0.0","0.303","0.577","117.018","4"
"4KZRjuldIGTS7AQUPbUvbs","‡∏ó‡∏µ‡πà‡πÄ‡∏î‡∏¥‡∏°","PUN","26","-4","-5","TH","2024-11-18","64","False","236062","PUN","2024-09-19","0.606","0.5","2","-7.865","1","0.0282","0.515","0.0","0.103","0.207","82.029","4"
"2a78JDp7YVCyEydtRiHOn7","I Just Wanna Know","PUN","27","-4","-4","TH","2024-11-18","61","False","223500","PUN","2024-09-19","0.363","0.549","9","-7.205","1","0.0381","0.345","0.0","0.159","0.24","204.054","4"
"4UyEA5UP6ducMaV9NiggTr","‡∏™‡∏≤‡∏£‡∏¥‡∏Å‡∏≤‡∏•‡∏¥‡πâ‡∏ô‡∏ó‡∏≠‡∏á (Smooth-talker)","Paper Planes, JOEY PHUWASIT","28","1","3","TH","2024-11-18","64","False","248048","‡∏™‡∏≤‡∏£‡∏¥‡∏Å‡∏≤‡∏•‡∏¥‡πâ‡∏ô‡∏ó‡∏≠‡∏á (Smooth-talker) - Single","2024-09-04","0.517","0.749","11","-3.509","1","0.061","0.0166","0.0","0.0739","0.607","163.82","4"
"7jGiXLzchqbDTW7WzSU7a3","‡∏õ‡∏•‡πà‡∏≠‡∏¢‡∏î‡∏≤‡∏ß (Flaw)","YEW","29","6","4","TH","2024-11-18","58","False","253412","Rainbow Landscape","2024-08-15","0.318","0.766","0","-5.987","1","0.0443","0.0501","2.53e-05","0.255","0.469","188.069","3"
"2LJerOY5jSwO5K6OF9Cyuz","‡∏û‡∏ö‡∏£‡∏±‡∏Å","Ink Waruntorn","30","0","0","TH","2024-11-18","65","False","234000","‡∏û‡∏ö‡∏£‡∏±‡∏Å","2024-06-20","0.538","0.768","2","-5.755","1","0.152","0.0471","0.0","0.345","0.583","184.094","4"
"5QxNmQBXpLPemzpDvsuiLM","DAY ONE","PUN","31","1","1","TH","2024-11-18","57","False","271500","PUN","2024-09-19","0.658","0.32","11","-10.54","1","0.0317","0.811","0.0","0.0723","0.289","99.929","4"
"5BmF05GWZpmm5JZ5p3yMJr","‡∏Å‡∏≥‡πÅ‡∏û‡∏á‡∏´‡∏±‡∏ß‡πÉ‡∏à","Mirrr","32","-1","6","TH","2024-11-18","64","False","277203","‡∏Å‡∏≥‡πÅ‡∏û‡∏á‡∏´‡∏±‡∏ß‡πÉ‡∏à","2023-08-17","0.58","0.773","9","-6.317","1","0.0436","0.113","0.0","0.0903","0.498","75.993","4"
"44hqFxUWsADWewEJELnncj","No Doubt","ENHYPEN","33","-7","17","TH","2024-11-18","75","False","167219","ROMANCE : UNTOLD -daydream-","2024-11-11","0.837","0.456","8","-7.07","0","0.0791","0.11","0.0","0.0553","0.521","130.03","4"
"1rNYuv63emsYt4Jjv8RlgJ","‡πÄ‡∏à‡πâ‡∏≤‡∏Ç‡∏≠‡∏á‡∏ó‡∏µ‡πà","Mirrr","34","0","6","TH","2024-11-18","61","False","240008","Q.E.D","2022-03-24","0.631","0.822","5","-4.793","1","0.0269","0.213","0.00101","0.212","0.879","149.886","4"
"25n8diXqpb6LKyL0Dwzwoy","Promethazine","Saran, BlackHeart, Pondering","35","7","15","TH","2024-11-18","61","False","182453","Promethazine","2021-08-03","0.866","0.503","9","-8.137","1","0.0726","0.887","0.0","0.101","0.142","100.0","4"
"2HRgqmZQC0MC7GeNuDIXHN","Seven (feat. Latto) (Explicit Ver.)","Jung Kook, Latto","36","14","-10","TH","2024-11-18","84","True","183550","GOLDEN","2023-11-03","0.79","0.831","11","-4.185","1","0.044","0.312","0.0","0.0797","0.872","124.987","4"
"0mHD9bPUsI3qbKZzMpxXFh","‡∏ú‡∏¥‡∏î‡∏ï‡∏±‡πâ‡∏á‡πÅ‡∏ï‡πà‡πÄ‡∏£‡∏¥‡πà‡∏° (‡∏ä‡∏π‡πâ‡∏£‡∏±‡∏Å)","‡πÄ‡∏•‡πá‡∏Å‡∏™‡πÄ‡∏£‡πá‡∏ô","37","2","-2","TH","2024-11-18","61","False","212369","‡∏ú‡∏¥‡∏î‡∏ï‡∏±‡πâ‡∏á‡πÅ‡∏ï‡πà‡πÄ‡∏£‡∏¥‡πà‡∏° (‡∏ä‡∏π‡πâ‡∏£‡∏±‡∏Å)","2024-09-10","0.62","0.536","11","-6.767","1","0.0301","0.221","0.0","0.406","0.536","137.948","4"
"6vvPecFTmWxDfEJ6cYT1wa","Rockstar","LISA","38","-1","-14","TH","2024-11-18","83","True","138213","Rockstar","2024-06-27","0.668","0.628","8","-4.692","1","0.046","0.129","0.0","0.0293","0.568","140.053","4"
"0D9lpJts3mXxe0fvovYUFv","‡∏à‡∏≤‡∏Å‡∏ï‡∏£‡∏á‡∏ô‡∏µ‡πâ‡∏ó‡∏µ‡πà(‡πÄ‡∏Ñ‡∏¢)‡∏™‡∏ß‡∏¢‡∏á‡∏≤‡∏° [La La Bye]","AYLA's","39","7","2","TH","2024-11-18","59","False","288250","I‚ÄôM GOING TO KEEP RUNNING AWAY","2024-03-28","0.605","0.452","11","-8.951","1","0.0264","0.47","2.98e-06","0.124","0.294","140.027","4"
"5F4fAhzhdHtaQ8nNqWAufl","‡πÄ‡∏´‡∏°‡∏∑‡∏≠‡∏ô‡∏ß‡∏¥‡∏ß‡∏≤‡∏´‡πå (Rain wedding) [From ""‡∏ß‡∏¥‡∏°‡∏≤‡∏ô‡∏´‡∏ô‡∏≤‡∏°""]","Jeff Satur","40","-2","-6","TH","2024-11-18","67","False","261652","‡πÄ‡∏´‡∏°‡∏∑‡∏≠‡∏ô‡∏ß‡∏¥‡∏ß‡∏≤‡∏´‡πå (Rain wedding) [From ""‡∏ß‡∏¥‡∏°‡∏≤‡∏ô‡∏´‡∏ô‡∏≤‡∏°""]","2024-08-20","0.55","0.428","7","-7.95","1","0.028","0.15","0.0","0.101","0.148","117.567","3"
"5nvdbRKg9fOixXotcZIQuF","‡∏ã‡πà‡∏≠‡∏ô(‡πÑ‡∏°‡πà)‡∏´‡∏≤","Jeff Satur","41","-1","-2","TH","2024-11-18","59","False","234661","Space Shuttle No.8","2024-02-08","0.664","0.651","2","-5.091","1","0.0401","0.696","0.0","0.158","0.4","117.913","4"
"06DPpk0hUJEgpzl5cuWNI6","‡πÄ‡∏ß‡∏•‡∏≤‡πÄ‡∏ò‡∏≠‡∏¢‡∏¥‡πâ‡∏°","Polycat","42","8","1","TH","2024-11-18","62","False","227000","80 Kisses","2016-03-18","0.598","0.669","4","-5.506","1","0.0419","0.244","0.0","0.178","0.788","82.997","4"
"3ZajpwGfKsToCEAuLTtoxF","‡∏Ç‡πâ‡∏≠‡∏Ñ‡∏ß‡∏≤‡∏°‡∏£‡∏π‡∏õ‡∏¢‡∏¥‡πâ‡∏° :)","Polycat","43","-7","1","TH","2024-11-18","60","False","227500","‡∏Ç‡πâ‡∏≠‡∏Ñ‡∏ß‡∏≤‡∏°‡∏£‡∏π‡∏õ‡∏¢‡∏¥‡πâ‡∏° :)","2024-09-05","0.702","0.776","11","-4.587","1","0.0413","0.366","0.0","0.314","0.884","143.98","4"
"4oCZ6UlTx0WFolZaHLJWym","‡πÑ‡∏°‡πà‡πÄ‡∏õ‡∏•‡∏µ‡πà‡∏¢‡∏ô‡πÄ‡∏•‡∏¢ (Best Luck)","fellow fellow","44","-3","6","TH","2024-11-18","43","False","190000","PROUD","2024-11-11","0.629","0.65","11","-7.994","1","0.0487","0.0512","0.0","0.17","0.624","137.888","4"
"28uUXmHx13AZ1nkl57vCwN","‡∏™‡πà‡∏ß‡∏ô‡∏ï‡πà‡∏≤‡∏á (do it without me)","BOWKYLION","45","-2","-9","TH","2024-11-18","64","False","197746","‡∏™‡πà‡∏ß‡∏ô‡∏ï‡πà‡∏≤‡∏á (do it without me)","2024-05-10","0.641","0.462","9","-5.764","1","0.0356","0.507","0.0","0.343","0.808","142.045","4"
"0Fye2qtgBqOzHxb4cPSjWb","Loop (‡∏â‡∏±‡∏ô‡∏à‡∏∂‡∏á‡∏ß‡∏ô‡∏Å‡∏•‡∏±‡∏ö‡∏°‡∏≤)","ASIA7","46","-2","-9","TH","2024-11-18","63","False","230204","Loop (‡∏â‡∏±‡∏ô‡∏à‡∏∂‡∏á‡∏ß‡∏ô‡∏Å‡∏•‡∏±‡∏ö‡∏°‡∏≤) - Single","2024-06-04","0.603","0.749","8","-4.762","1","0.0333","0.32","0.0","0.0964","0.476","98.037","4"
"4jyfcb5s4H3hKl0CJXjYei","Proud","fellow fellow","47","-2","3","TH","2024-11-18","41","False","225410","PROUD","2024-11-11","0.526","0.57","3","-8.893","1","0.0619","0.551","0.0","0.131","0.443","146.03","4"
"30ho6wAl9w53sCtcqzHVMA","‡πÉ‡∏à‡∏û‡∏±‡∏á","Saran, GTK","48","1","2","TH","2024-11-18","62","False","301928","‡πÉ‡∏à‡∏û‡∏±‡∏á","2023-04-27","0.704","0.697","10","-6.317","1","0.051","0.394","0.004","0.59","0.509","140.021","4"
"1RIcNj56JKuH0WB9AyNARB","9 ‡∏ô‡∏≤‡∏¨‡∏¥‡∏Å‡∏≤","SPF","49","1","1","TH","2024-11-18","60","False","242181","9 ‡∏ô‡∏≤‡∏¨‡∏¥‡∏Å‡∏≤","2015-05-11","0.571","0.929","1","-3.405","1","0.0402","0.303","0.0","0.0872","0.628","109.998","4"
"7jq0O5rfrzEIqNOsc7v9JT","‡πÄ‡∏î‡∏¥‡∏ô‡∏°‡∏≤‡∏™‡πà‡∏á - BYE","First Anuwat, Saran","50","0","0","TH","2024-11-18","61","False","205434","‡πÄ‡∏î‡∏¥‡∏ô‡∏°‡∏≤‡∏™‡πà‡∏á (BYE)","2023-04-30","0.689","0.721","7","-6.583","1","0.0589","0.244","0.0","0.31","0.307","92.067","4"
"1cOboCuWYI2osTOfolMRS6","Tu Boda","Oscar Maydon, Fuerza Regida","1","0","0","SV","2024-11-18","93","True","225880","Tu Boda","2024-09-26","0.694","0.651","6","-6.968","1","0.0784","0.496","1.36e-05","0.0787","0.471","112.648","3"
"0l0vcZMU7AOeQmUIREoI2U","Qu√© Pasar√≠a...","Rauw Alejandro, Bad Bunny","2","0","48","SV","2024-11-18","76","True","191018","Cosa Nuestra","2024-11-15","0.833","0.563","4","-5.593","0","0.204","0.528","1.27e-05","0.139","0.343","105.008","4"
"1YYfyJ2yCvGFCxwjsIqEK9","Kh√©?","Rauw Alejandro, Romeo Santos","3","2","47","SV","2024-11-18","71","False","206066","Cosa Nuestra","2024-11-15","0.687","0.627","7","-4.975","1","0.181","0.326","0.0","0.0893","0.47","155.865","4"
"2eQFYGegTZaObk2kuBz83Z","T√∫ Con √âl","Rauw Alejandro","4","-1","46","SV","2024-11-18","73","False","289131","Cosa Nuestra","2024-11-15","0.736","0.888","7","-4.518","1","0.0408","0.243","0.000205","0.239","0.788","93.05","4"
"1uFW6czrHk5PsK3s6gOI7C","Se Fue","Rauw Alejandro, Laura Pausini","5","-1","45","SV","2024-11-18","72","False","240179","Cosa Nuestra","2024-11-15","0.689","0.743","8","-2.817","1","0.0328","0.0694","0.0","0.0966","0.138","119.957","4"
"7bywjHOc0wSjGGbj04XbVi","LUNA","Feid, ATL Jacob","6","3","-4","SV","2024-11-18","88","False","196800","FERXXOCALIPSIS","2023-12-01","0.774","0.86","7","-2.888","0","0.13","0.131","0.0","0.116","0.446","100.019","4"
"0Sr7ssScx54yxdM2ols7nW","Q U E V A S H A C E R H O Y ?","Omar Courtz, De La Rose","7","3","-4","SV","2024-11-18","89","True","224022","PRIMERA MUSA","2024-09-20","0.56","0.681","6","-6.304","0","0.244","0.103","0.0","0.106","0.388","155.079","4"
"7tI8dRuH2Yc6RuoTjxo4dU","Who","Jimin","8","4","-4","SV","2024-11-18","92","False","170887","MUSE","2024-07-19","0.66","0.756","0","-3.743","0","0.032","0.00289","0.0","0.193","0.838","116.034","4"
"2FFr0vdtqPBTK3RW0c7T5C","Cupido","Engel Montaz, Kuv507, Latinnites Music","9","9","-2","SV","2024-11-18","72","False","215000","Desire","2024-07-10","0.914","0.601","11","-5.255","1","0.163","0.0888","4.62e-06","0.264","0.648","96.041","4"
"3mg9jYNC1NihbthlglzrWP","+57","KAROL G, Feid, DFZM, Ovy On The Drums, J Balvin, Maluma, Ryan Castro, Blessd","10","4","-2","SV","2024-11-18","82","True","298130","+57","2024-11-08","0.848","0.712","1","-3.574","0","0.0981","0.221","0.0","0.106","0.692","91.98","4"
"2btNsI4OvcVl7SAHQQDHFB","M√≠rame","Blessd, Ovy On The Drums","11","6","3","SV","2024-11-18","85","True","157453","M√≠rame","2024-04-17","0.717","0.656","7","-4.449","1","0.0797","0.141","2.96e-05","0.0661","0.695","175.956","4"
"6WatFBLVB0x077xWeoVc2k","Si Antes Te Hubiera Conocido","KAROL G","12","9","-6","SV","2024-11-18","93","False","195824","Si Antes Te Hubiera Conocido","2024-06-21","0.924","0.668","11","-6.795","1","0.0469","0.446","0.000594","0.0678","0.787","128.027","4"
"0zNMdrDEs5N0JPQ7RYQZln","QUEMA","Ryan Castro, Peso Pluma, SOG","13","6","-1","SV","2024-11-18","79","True","150927","EL CANTANTE DEL GHETTO","2024-05-10","0.819","0.861","0","-3.322","1","0.0491","0.0286","0.000836","0.0676","0.905","97.014","4"
"0qeIFEGRQqHoaJtLCl0U73","DEGENERE üëë (feat. benny blanco)","Myke Towers, benny blanco","14","8","-9","SV","2024-11-18","83","True","130880","LA PANTERA NEGRA (DELUXE)","2024-10-17","0.744","0.709","6","-5.778","0","0.284","0.0501","0.0","0.0847","0.712","194.055","4"
"6a9Z1jUms915w4O7N1PxjY","Santa","Rvssian, Rauw Alejandro, Ayra Starr","15","13","11","SV","2024-11-18","83","False","193038","Santa","2024-04-03","0.725","0.709","3","-5.017","0","0.129","0.321","0.000189","0.114","0.648","99.993","4"
"6uIIdjYTxxpWOyWuVXrKQO","Que Onda","Calle 24, Chino Pacas, Fuerza Regida","16","8","18","SV","2024-11-18","83","True","191466","Que Onda","2023-08-30","0.808","0.944","10","-4.863","0","0.0408","0.183","1.11e-06","0.138","0.937","124.934","3"
"3KZCP2StVGdWkOKyRZNWA4","Es un Secreto","Plan B","17","10","33","SV","2024-11-18","81","False","192120","House of Pleasure","2010-07-20","0.841","0.774","6","-4.963","0","0.0421","0.117","2.66e-06","0.0674","0.494","95.006","4"
"2gmd7lY3QSzLh0xIY4cRvi","SE ME OLVIDA","Maisak, Feid","18","7","-7","SV","2024-11-18","84","True","225373","SE ME OLVIDA","2024-08-23","0.786","0.707","7","-4.386","0","0.0635","0.0399","0.0","0.121","0.691","82.045","4"
"4lqJsJd7kqWVvamQ4aFHA8","Revol√∫","Rauw Alejandro, Feid","19","-12","31","SV","2024-11-18","71","True","215511","Cosa Nuestra","2024-11-15","0.728","0.688","9","-3.552","1","0.104","0.0615","2.72e-06","0.104","0.442","196.115","4"
"0O3U5iwTbiXCREMkvotJuN","EL AMOR DE SU VIDA","Grupo Frontera, Grupo Firme","20","11","-10","SV","2024-11-18","81","False","165848","El Comienzo","2023-08-25","0.616","0.834","9","-3.069","1","0.0664","0.06","0.0","0.338","0.746","151.701","4"
"0BiDnJFB3TlRB6aji7jUz3","Rey Sin Reina","Juli√≥n √Ålvarez y su Norte√±o Banda","21","13","-1","SV","2024-11-18","85","False","150523","Atento Aviso ... Rey Sin Reina","2024-09-05","0.529","0.356","3","-6.612","1","0.0569","0.29","0.0","0.136","0.659","169.653","3"
"5tZgkV8FTe3rtl8OcSeQAb","D√©jame Entrar","Rauw Alejandro","22","-14","28","SV","2024-11-18","69","True","254705","Cosa Nuestra","2024-11-15","0.675","0.697","0","-5.795","1","0.0483","0.343","2.89e-05","0.0996","0.262","102.006","4"
"3PJgmyLaybZtALX4mrgbiD","Espresso Martini","Rauw Alejandro, Marconi Impara, Yan Block","23","-12","27","SV","2024-11-18","70","True","191219","Cosa Nuestra","2024-11-15","0.864","0.568","8","-5.579","1","0.122","0.537","2.3e-05","0.12","0.192","123.036","4"
"7xdRj1wA4XzYnXynPmtmnq","Committed","Rauw Alejandro, Pharrell Williams","24","-11","26","SV","2024-11-18","70","True","159344","Cosa Nuestra","2024-11-15","0.749","0.639","8","-5.406","1","0.108","0.129","0.0","0.12","0.483","121.982","4"
"7iQXYTyuG13aoeHxGG28Nh","PERRO NEGRO","Bad Bunny, Feid","25","10","-9","SV","2024-11-18","84","True","162767","nadie sabe lo que va a pasar ma√±ana","2023-10-13","0.911","0.778","5","-2.248","1","0.262","0.0887","2.16e-05","0.179","0.345","96.057","4"
"2plbrEY59IikOBgBGLjaoe","Die With A Smile","Lady Gaga, Bruno Mars","26","6","-8","SV","2024-11-18","100","False","251667","Die With A Smile","2024-08-16","0.521","0.592","6","-7.777","0","0.0304","0.308","0.0","0.122","0.535","157.969","3"
"3HCcfBsa4TdiC0so0fPnRi","Baja Pa' Ac√°","Rauw Alejandro, Alexis y Fido","27","-12","23","SV","2024-11-18","70","True","200000","Cosa Nuestra","2024-11-15","0.788","0.784","8","-2.653","1","0.075","0.395","0.0","0.219","0.503","93.009","4"
"5UxEKpzvvLnjoC10XoogN3","Cosa Nuestra","Rauw Alejandro","28","-22","22","SV","2024-11-18","70","True","260454","Cosa Nuestra","2024-11-15","0.688","0.679","6","-4.477","1","0.0694","0.342","2.01e-06","0.601","0.739","172.035","4"
"0xyWkRMb09qdCDhloehCsi","Ni Me Conozco","Rauw Alejandro","29","-13","21","SV","2024-11-18","69","True","229787","Cosa Nuestra","2024-11-15","0.553","0.535","5","-6.681","0","0.168","0.335","0.0","0.169","0.307","90.168","4"
"4bw8mcDUSRWfQo63ZTYRnU","Seg√∫n Qui√©n","Maluma, Carin Leon","30","14","-7","SV","2024-11-18","83","True","142334","Don Juan","2023-08-25","0.909","0.762","9","-3.974","1","0.0643","0.434","0.0","0.0856","0.843","101.987","3"
"0fea68AdmYNygeTGI4RC18","LA CANCI√ìN","J Balvin, Bad Bunny","31","10","-2","SV","2024-11-18","82","False","242573","OASIS","2019-06-28","0.756","0.646","7","-5.795","1","0.319","0.152","1.81e-05","0.108","0.429","176.088","4"
"6X6m4xmdFcz31p1h7Qg68c","EL LOKERON","Tito Double P","32","4","-11","SV","2024-11-18","89","True","145473","INC√ìMODO","2024-08-22","0.724","0.689","7","-7.174","0","0.0524","0.573","6.77e-06","0.0922","0.936","120.208","3"
"27ze5t5tIDPlVits0KRbxT","El Perdedor","Aventura","33","0","-20","SV","2024-11-18","78","False","215213","K.O.B. Live","2006-12-19","0.779","0.589","5","-10.645","1","0.0345","0.332","0.0","0.12","0.894","128.044","4"
"4jjFjbqCTkaN1mGb0BMYl2","Amar De Nuevo","Rauw Alejandro","34","-4","16","SV","2024-11-18","68","True","268042","Cosa Nuestra","2024-11-15","0.708","0.451","11","-6.826","1","0.0329","0.313","0.0","0.207","0.326","95.033","4"
"1C84d9abZVKWHT2YYpoean","Si No Quieres No","Luis R Conriquez, Neton Vega","35","8","-11","SV","2024-11-18","85","False","147011","Si No Quieres No","2024-03-10","0.786","0.786","4","-6.372","0","0.0512","0.445","2.12e-06","0.0947","0.611","100.123","1"
"2CeKVsFFXG4Qza415QygGb","Feliz Cumplea√±os Ferxxo","Feid","36","3","-19","SV","2024-11-18","81","False","155960","FELIZ CUMPLEA√ëOS FERXXO TE PIRATEAMOS EL √ÅLBUM","2022-09-14","0.865","0.573","5","-5.501","1","0.0678","0.0863","0.0","0.305","0.563","94.999","4"
"0dDr2LgiACQVkZYJeStWh6","Pasaporte","Rauw Alejandro, Mr. Naisgai","37","-11","13","SV","2024-11-18","67","False","263451","Cosa Nuestra","2024-11-15","0.799","0.757","2","-3.603","1","0.0326","0.0323","4.26e-06","0.332","0.653","116.97","4"
"5AH31dDNgxCMGDdxubNNn4","NEL","Fuerza Regida","38","8","-19","SV","2024-11-18","89","True","149073","PERO NO TE ENAMORES","2024-07-25","0.69","0.482","7","-6.335","0","0.2","0.523","0.0004","0.0728","0.356","100.029","4"
"5QjmUqgpPQgXgg4606DqZF","UWAIE","Kapo","39","6","-17","SV","2024-11-18","87","False","172427","UWAIE","2024-08-15","0.705","0.783","9","-4.783","0","0.0403","0.138","0.0","0.0984","0.454","103.001","4"
"2Bhmj4XK33InfhqKPxcJ1v","Dile al Amor","Aventura","40","10","-31","SV","2024-11-18","78","False","229360","The Last","2009-06-09","0.825","0.605","11","-9.71","1","0.0376","0.0764","0.0","0.314","0.944","124.005","4"
"2kz1YOhJiNubjigR1gB1VX","DILUVIO","Rauw Alejandro","41","1","9","SV","2024-11-18","81","True","197052","PLAYA SATURNO","2023-07-07","0.845","0.795","9","-3.502","0","0.0681","0.343","1.78e-05","0.224","0.681","94.969","4"
"5LhI8m7n8xlQmNe3b7Rwis","Madonna","Natanael Cano, Oscar Maydon","42","8","-17","SV","2024-11-18","84","True","187087","Madonna","2024-03-08","0.732","0.873","0","-5.965","1","0.0321","0.0449","0.000803","0.347","0.662","128.029","3"
"6RcAHyC5sAUIbPTkhOQwd8","Y LLORO","Junior H","43","7","7","SV","2024-11-18","84","True","179013","$AD BOYZ 4 LIFE II","2023-10-05","0.728","0.589","7","-7.115","1","0.0376","0.424","7.78e-06","0.166","0.767","77.475","4"
"2J0TjDpiUlwgFRvVxtaLud","Mil Mujeres","Rauw Alejandro","44","-24","6","SV","2024-11-18","68","True","168922","Cosa Nuestra","2024-11-15","0.658","0.852","7","-5.482","1","0.0596","0.0532","8.34e-05","0.137","0.52","147.895","4"
"5vNRhkKd0yEAg8suGBpjeY","APT.","ROS√â, Bruno Mars","45","4","-7","SV","2024-11-18","98","False","169917","APT.","2024-10-18","0.777","0.783","0","-4.477","0","0.26","0.0283","0.0","0.355","0.939","149.027","4"
"2yzshFeBIwH8tWIqHEFLeD","un x100to","Grupo Frontera, Bad Bunny","46","4","-19","SV","2024-11-18","79","False","194563","El Comienzo","2023-08-25","0.571","0.72","9","-4.089","1","0.0458","0.213","0.0","0.271","0.542","83.827","4"
"1aUq8rjW1EwkAkMri4VfJy","LOKERA","Rauw Alejandro, Lyanno, Brray","47","-7","-5","SV","2024-11-18","79","True","197101","SATURNO","2023-01-24","0.836","0.826","11","-2.66","0","0.0461","0.213","6.03e-06","0.0814","0.579","102.025","4"
"2aYzaN5SmkRDLsrrV8GkBQ","LA PATRULLA","Peso Pluma, Neton Vega","48","2","-9","SV","2024-11-18","86","True","130614","√âXODO","2024-06-20","0.722","0.74","6","-7.22","0","0.063","0.68","3.27e-05","0.176","0.893","132.731","3"
"7iUtQNMRB8ZkKC4AmEuCJC","LA FALDA","Myke Towers","49","1","-12","SV","2024-11-18","83","True","174229","LVEU: VIVE LA TUYA...NO LA MIA","2023-09-18","0.8","0.738","7","-4.26","1","0.0691","0.372","0.00877","0.19","0.267","103.008","4"
"1UTLq40xh63wMrHELGnKWW","2:12 AM","Rauw Alejandro, LATIN MAFIA","50","-21","0","SV","2024-11-18","68","True","211918","Cosa Nuestra","2024-11-15","0.724","0.754","8","-3.89","1","0.0317","0.118","0.0","0.122","0.543","125.039","4"
"2UD4l3evthKlDOM6HSrc9N","C√≠go a k√°va (feat. Saul)","Viktor Sheen, Saul","1","0","1","SK","2024-11-18","61","True","183428","Impostor syndrom","2024-11-08","0.752","0.685","1","-5.798","1","0.0591","0.0234","0.621","0.114","0.201","139.995","4"
"6gj6FXx7jZXOOdLX4aNaSK","Syndrom","Viktor Sheen","2","0","4","SK","2024-11-18","62","False","166299","Impostor syndrom","2024-11-08","0.826","0.711","10","-5.649","0","0.0722","0.374","0.00579","0.0718","0.557","127.102","4"
"5uyUYBf12MoDctqYKEUFti","GHETTO ROMANTIKA","Hard Rico","3","2","9","SK","2024-11-18","58","True","153070","GLOBAL","2024-10-18","0.879","0.766","5","-5.832","0","0.061","0.0212","6.8e-05","0.0988","0.886","127.132","4"
"63t5KcNc6sOvyo0leRzueh","Ohnivej kruh","Viktor Sheen","4","0","-3","SK","2024-11-18","62","False","130909","Impostor syndrom","2024-11-08","0.62","0.656","4","-5.374","0","0.13","0.063","7.63e-06","0.0806","0.143","77.018","4"
"1P8o6bOTyh1kEqe72JFzzO","NENI STRE$S","Pil C, Luca Brassi10x, Separ","5","7","9","SK","2024-11-18","61","True","169811","VOJNA","2024-06-07","0.842","0.758","10","-7.584","0","0.17","0.0128","7.02e-06","0.336","0.361","106.029","4"
"1EDPVGbyPKJPeGqATwXZvN","The Emptiness Machine","Linkin Park","6","-3","44","SK","2024-11-18","73","True","190427","From Zero","2024-11-15","0.466","0.872","7","-3.344","1","0.0336","0.0156","0.0","0.121","0.806","184.115","4"
"71oYEUUlOT1ANUqHei1dKO","P≈ôevleƒçen√° ≈æ√≠ze≈à","Viktor Sheen","7","-1","-3","SK","2024-11-18","62","True","173114","Impostor syndrom","2024-11-08","0.737","0.843","7","-6.061","0","0.0484","0.31","4.39e-05","0.393","0.216","122.02","4"
"7jAC1Ifo1Qpsf8pKW02ata","Roleplay","Viktor Sheen","8","1","0","SK","2024-11-18","61","True","172800","Impostor syndrom","2024-11-08","0.648","0.62","8","-6.025","0","0.34","0.149","4.15e-06","0.0837","0.465","123.65","4"
"1nwKq6t4wpKLK2bWkDVm3e","P√°tky","Viktor Sheen","9","1","-2","SK","2024-11-18","61","True","188571","Impostor syndrom","2024-11-08","0.808","0.784","8","-6.467","0","0.0863","0.616","0.000145","0.133","0.793","139.946","4"
"6o8xkwILevddKUOA6rdSMT","Zvyk (feat. SIMILIVINLIFE)","Viktor Sheen, SIMILIVINLIFE","10","1","-7","SK","2024-11-18","61","False","151942","Impostor syndrom","2024-11-08","0.86","0.852","9","-5.306","0","0.237","0.155","0.319","0.099","0.267","139.019","4"
"0fGiTi5MT5MN2UgHYj9YK2","Pro ≈°tƒõst√≠","Ektor","11","2","39","SK","2024-11-18","53","False","167213","SATIVA","2024-11-11","0.758","0.682","10","-6.004","1","0.163","0.165","0.0","0.133","0.208","102.02","4"
"2262bWmqomIaJXwCRHr13j","Sailor Song","Gigi Perez","12","8","5","SK","2024-11-18","93","False","211978","Sailor Song","2024-07-26","0.494","0.413","11","-10.432","1","0.0254","0.682","6.72e-05","0.193","0.273","94.938","4"
"5wKPW5Df9Clwn2TmAvkQks","Zima Blue (feat. Nik Tendo & Yzomandias)","Viktor Sheen, Yzomandias, Nik Tendo","13","1","-8","SK","2024-11-18","61","True","148333","Impostor syndrom","2024-11-08","0.657","0.851","9","-5.251","1","0.0477","0.00361","0.0432","0.0952","0.7","143.946","4"
"3BQqSkF8Raj9lEzJdscmmu","Bbejbb","Separ, Peter Pann","14","4","2","SK","2024-11-18","59","True","173917","DOVIDENIA","2024-03-02","0.733","0.867","2","-4.767","1","0.138","0.0415","2.96e-06","0.105","0.24","160.073","4"
"1S1WtutWfm67FSZqvSQFul","Hory Kazachst√°nu","Viktor Sheen","15","2","-4","SK","2024-11-18","60","True","218313","Impostor syndrom","2024-11-08","0.872","0.196","11","-25.258","0","0.641","0.166","8.66e-06","0.0707","0.565","82.986","4"
"38pNZU3kgTMpP59E7fvJUh","Dal≈°√≠ den","Viktor Sheen","16","0","-7","SK","2024-11-18","60","True","145369","Impostor syndrom","2024-11-08","0.642","0.828","7","-6.933","0","0.0851","0.0145","0.00233","0.192","0.266","149.015","4"
"2HBBM75Xv3o2Mqdyh1NcM0","Heavy Is the Crown","Linkin Park","17","-9","33","SK","2024-11-18","72","False","167012","From Zero","2024-11-15","0.571","0.928","4","-3.725","0","0.0453","0.00932","0.0","0.297","0.488","127.939","4"
"5vNRhkKd0yEAg8suGBpjeY","APT.","ROS√â, Bruno Mars","18","15","1","SK","2024-11-18","98","False","169917","APT.","2024-10-18","0.777","0.783","0","-4.477","0","0.26","0.0283","0.0","0.355","0.939","149.027","4"
"2plbrEY59IikOBgBGLjaoe","Die With A Smile","Lady Gaga, Bruno Mars","19","7","-1","SK","2024-11-18","100","False","251667","Die With A Smile","2024-08-16","0.521","0.592","6","-7.777","0","0.0304","0.308","0.0","0.122","0.535","157.969","3"
"6i5qhmmF9UNUBRyrPSGn4m","Two Faced","Linkin Park","20","-13","30","SK","2024-11-18","73","False","183584","From Zero","2024-11-15","0.51","0.945","1","-5.405","1","0.0804","0.000658","4.8e-06","0.0413","0.323","91.906","4"
"05pOvEKVCmErFLXfxS7a39","M√°ta","Viktor Sheen","21","-2","-11","SK","2024-11-18","60","True","175774","Impostor syndrom","2024-11-08","0.852","0.665","5","-6.691","0","0.099","0.0627","1.66e-05","0.114","0.578","141.972","4"
"6dOtVTDdiauQNBQEDOtlAB","BIRDS OF A FEATHER","Billie Eilish","22","12","0","SK","2024-11-18","97","False","210373","HIT ME HARD AND SOFT","2024-05-17","0.747","0.507","2","-10.171","1","0.0358","0.2","0.0608","0.117","0.438","104.978","4"
"4jHKXjkpg3pWQrk9s2jNgt","V√Ωtah","Ektor, Separ, Strapo","23","0","27","SK","2024-11-18","52","True","217666","SATIVA","2024-11-11","0.814","0.58","11","-5.622","0","0.214","0.146","0.0","0.161","0.367","139.992","4"
"5HVr2Ay42xJgB2VZ7CUJQJ","NARCOS","Hard Rico, Yzomandias","24","7","-1","SK","2024-11-18","54","True","191250","GLOBAL","2024-10-18","0.882","0.636","9","-6.876","0","0.212","0.12","0.0","0.0926","0.458","128.046","4"
"1Es7AUAhQvapIcoh3qMKDL","Timeless (with Playboi Carti)","The Weeknd, Playboi Carti","25","5","-1","SK","2024-11-18","92","True","256000","Timeless","2024-09-27","0.769","0.722","11","-5.485","0","0.0507","0.0584","2.56e-06","0.111","0.57","119.973","4"
"2zK9eC7a1nwbINemfyKFKB","Ty a j√° (feat. Lil Buca Near)","Viktor Sheen, Lil Buca Near","26","1","-13","SK","2024-11-18","59","True","188354","Impostor syndrom","2024-11-08","0.771","0.726","8","-6.683","0","0.159","0.171","0.00125","0.119","0.557","154.913","4"
"4WXX611x1aCtwcqVJgA3xb","Sunset","Separ, Jerry Lee, P T K","27","8","1","SK","2024-11-18","56","True","155520","FLOWDEMORT","2023-03-31","0.762","0.805","1","-6.63","1","0.386","0.237","0.0","0.11","0.271","124.977","4"
"1IhLb5tqlGsVFGwX0Xr9EJ","MANDELA","Zayo, Luca Brassi10x","28","4","-8","SK","2024-11-18","45","True","152257","MANDELA","2024-11-08","0.868","0.799","0","-6.541","1","0.361","0.0224","1.2e-06","0.251","0.649","144.892","4"
"7ne4VBA60CxGM75vw0EYad","That‚Äôs So True","Gracie Abrams","29","8","2","SK","2024-11-18","92","True","166300","The Secret of Us (Deluxe)","2024-10-18","0.554","0.808","1","-4.169","1","0.0368","0.214","0.0","0.159","0.372","108.548","4"
"00Imdq7NDBO3zbbREGgUOM","ULICE DRUH√Å M√ÅMA","Hard Rico, Rytmus","30","6","-9","SK","2024-11-18","59","True","186086","GLOBAL","2024-10-18","0.819","0.721","4","-9.564","0","0.323","0.341","0.00644","0.0809","0.584","137.924","4"
"5mFZipkX1HZ4Idz5LOWpzq","Cut the Bridge","Linkin Park","31","-16","19","SK","2024-11-18","74","False","228606","From Zero","2024-11-15","0.622","0.936","7","-2.72","0","0.067","0.0212","3.09e-06","0.242","0.743","75.024","4"
"2sfL5PDP2uid2zbDYOLaPv","NESTARAM SA","Pil C, Luca Brassi10x","32","6","-3","SK","2024-11-18","54","True","167647","VOJNA","2024-06-07","0.799","0.759","6","-8.618","0","0.176","0.0728","0.00931","0.151","0.582","135.969","4"
"3JG1uFc40wfyrqaWC7iv0e","i like the way you kiss me","Artemas","33","13","-3","SK","2024-11-18","82","False","142514","yustyna","2024-07-11","0.599","0.946","11","-4.263","1","0.0447","0.000938","0.0106","0.0826","0.747","151.647","4"
"5011v8IwA4NApxQ3ntw6Ih","Brick na brick","Hard Rico","34","5","0","SK","2024-11-18","60","True","173731","Brick na brick","2023-09-06","0.898","0.541","11","-9.352","0","0.301","0.145","0.0","0.182","0.49","134.037","4"
"06qMRF18gwbOYYbnP2du6i","Last Christmas - Single Version","Wham!","35","15","15","SK","2024-11-18","70","False","265960","The Singles: Echoes from the Edge of Heaven","2023-07-07","0.733","0.598","2","-8.228","1","0.0278","0.212","3.71e-06","0.156","0.935","107.732","4"
"3k4gjmYNJugQRlh2aounZ9","Over Each Other","Linkin Park","36","-12","14","SK","2024-11-18","72","False","170445","From Zero","2024-11-15","0.55","0.789","10","-4.634","1","0.0382","0.00241","0.0","0.428","0.317","147.947","4"
"4zBNmCPinwFF4mGgN8WqfN","Kiki","Trabo","37","6","-22","SK","2024-11-18","52","False","173181","Kiki","2024-11-08","0.574","0.603","11","-9.675","0","0.358","0.28","0.0116","0.107","0.566","85.035","4"
"0xGQTpN4ESETtl1Sp6rzd2","S√£o Paulo (feat. Anitta)","The Weeknd, Anitta","38","2","-13","SK","2024-11-18","86","True","301623","S√£o Paulo","2024-10-31","0.574","0.659","5","-7.377","0","0.0768","0.0412","0.0002","0.0921","0.506","127.347","4"
"0J1IJsMbKWb5g2sJArTkGF","Stained","Linkin Park","39","-17","11","SK","2024-11-18","72","False","185414","From Zero","2024-11-15","0.516","0.868","6","-5.148","1","0.0969","0.0134","0.0","0.509","0.375","91.97","4"
"0bYg9bo50gSsH3LtXe2SQn","All I Want for Christmas Is You","Mariah Carey","40","10","10","SK","2024-11-18","85","False","241106","Merry Christmas","1994-10-28","0.336","0.627","7","-7.463","1","0.0384","0.164","0.0","0.0708","0.35","150.273","4"
"51wzXdbSUBQt0bcjBpLqXR","Peniaze","Luca Brassi10x, Crosso, Tisci","41","0","-8","SK","2024-11-18","53","True","217070","Ghettoven","2024-04-19","0.714","0.648","10","-8.197","0","0.0754","0.00334","5.66e-06","0.19","0.334","157.036","4"
"1bE7Xr3y4C817TAWunZlFm","mamaididit","Luca Brassi10x, Bwayne, Pil C, Facefront, LUJA","42","8","8","SK","2024-11-18","50","True","207910","mamaididit","2023-10-20","0.711","0.362","1","-11.929","1","0.326","0.0205","0.00266","0.244","0.469","85.878","4"
"67cK1EZ5pJEcUQAoC18Jiz","Ako ty","Momo, Kali","43","-1","7","SK","2024-11-18","36","False","190253","Ako ty","2024-11-15","0.612","0.726","1","-6.218","1","0.292","0.018","0.0","0.112","0.248","145.089","4"
"6aCBjSb87RizdH8lVBIRW7","Good Things Go","Linkin Park","44","-16","6","SK","2024-11-18","72","True","209844","From Zero","2024-11-15","0.541","0.757","2","-5.37","0","0.0421","0.00867","0.0","0.136","0.307","127.005","4"
"0kN7F9Hc6sjJ5WPuuyJJNi","Pinokio","Separ, Dano Kapit√°n","45","4","-10","SK","2024-11-18","54","True","217053","OG","2020-05-03","0.705","0.662","7","-4.047","0","0.0577","0.484","0.0","0.105","0.561","77.012","4"
"3xkHsmpQCBMytMJNiDf3Ii","Beautiful Things","Benson Boone","46","4","-8","SK","2024-11-18","89","False","180304","Fireworks & Rollerblades","2024-04-05","0.472","0.471","10","-5.692","1","0.0603","0.151","0.0","0.14","0.219","105.029","3"
"7BkZAHnNW7WfrT4NcLaUDx","Casualty","Linkin Park","47","-26","3","SK","2024-11-18","73","False","140915","From Zero","2024-11-15","0.576","0.948","2","-4.082","1","0.173","0.00467","0.00838","0.322","0.5","159.928","4"
"42VsgItocQwOQC3XWZ8JNA","FE!N (feat. Playboi Carti)","Travis Scott, Playboi Carti","48","2","-8","SK","2024-11-18","89","True","191700","UTOPIA","2023-07-28","0.569","0.882","3","-2.777","0","0.06","0.0316","0.0","0.142","0.201","148.038","4"
"7M8eZBRTD9QNasEVReEM0H","IGYEIH","Linkin Park","49","-20","1","SK","2024-11-18","72","False","209083","From Zero","2024-11-15","0.442","0.968","2","-3.417","1","0.126","0.00227","1.53e-05","0.296","0.308","159.974","4"
"7diOv6wm3ngF7Vt6ubK0Sf","Overflow","Linkin Park","50","-25","0","SK","2024-11-18","72","False","211027","From Zero","2024-11-15","0.515","0.654","8","-6.349","1","0.0492","0.116","0.000103","0.0966","0.306","133.916","4"
"5vNRhkKd0yEAg8suGBpjeY","APT.","ROS√â, Bruno Mars","1","0","0","SG","2024-11-18","98","False","169917","APT.","2024-10-18","0.777","0.783","0","-4.477","0","0.26","0.0283","0.0","0.355","0.939","149.027","4"
"7tI8dRuH2Yc6RuoTjxo4dU","Who","Jimin","2","0","0","SG","2024-11-18","92","False","170887","MUSE","2024-07-19","0.66","0.756","0","-3.743","0","0.032","0.00289","0.0","0.193","0.838","116.034","4"
"2plbrEY59IikOBgBGLjaoe","Die With A Smile","Lady Gaga, Bruno Mars","3","0","0","SG","2024-11-18","100","False","251667","Die With A Smile","2024-08-16","0.521","0.592","6","-7.777","0","0.0304","0.308","0.0","0.122","0.535","157.969","3"
"7ne4VBA60CxGM75vw0EYad","That‚Äôs So True","Gracie Abrams","4","0","1","SG","2024-11-18","92","True","166300","The Secret of Us (Deluxe)","2024-10-18","0.554","0.808","1","-4.169","1","0.0368","0.214","0.0","0.159","0.372","108.548","4"
"6dOtVTDdiauQNBQEDOtlAB","BIRDS OF A FEATHER","Billie Eilish","5","0","-1","SG","2024-11-18","97","False","210373","HIT ME HARD AND SOFT","2024-05-17","0.747","0.507","2","-10.171","1","0.0358","0.2","0.0608","0.117","0.438","104.978","4"
"4p7DTkyrKqT98xlIwYYfXz","Running Wild","Jin","6","2","44","SG","2024-11-18","80","False","151646","Happy","2024-11-15","0.487","0.711","8","-4.22","1","0.0322","0.000175","0.0","0.152","0.317","146.921","4"
"2Qcbspnftnon37jibwyvMU","I'll Be There","Jin","7","-1","5","SG","2024-11-18","89","False","181677","I'll Be There","2024-10-25","0.538","0.738","10","-2.412","1","0.0445","0.0351","0.0","0.0898","0.736","148.887","4"
"2CspwnypzT7rcWI9RfsoSb","Mantra","JENNIE","8","-1","-2","SG","2024-11-18","89","True","136627","Mantra","2024-10-10","0.894","0.725","10","-4.984","0","0.0432","0.00434","1.15e-05","0.0815","0.838","116.988","4"
"2262bWmqomIaJXwCRHr13j","Sailor Song","Gigi Perez","9","3","0","SG","2024-11-18","93","False","211978","Sailor Song","2024-07-26","0.494","0.413","11","-10.432","1","0.0254","0.682","6.72e-05","0.193","0.273","94.938","4"
"5G2f63n7IPVPPjfNIGih7Q","Taste","Sabrina Carpenter","10","-1","-2","SG","2024-11-18","94","False","157279","Short n' Sweet","2024-08-23","0.674","0.907","3","-4.086","1","0.064","0.101","0.0","0.297","0.721","112.964","4"
"2HRqTpkrJO5ggZyyK6NPWz","Espresso","Sabrina Carpenter","11","0","-1","SG","2024-11-18","88","True","175459","Short n' Sweet","2024-08-23","0.699","0.776","0","-5.282","1","0.0293","0.131","5.36e-06","0.205","0.708","103.963","4"
"3QaPy1KgI7nu9FJEQUgn6h","WILDFLOWER","Billie Eilish","12","2","3","SG","2024-11-18","92","False","261466","HIT ME HARD AND SOFT","2024-05-17","0.467","0.247","6","-12.002","0","0.0431","0.612","0.000271","0.17","0.126","148.101","4"
"198zDKzyktXRG1PGpidY9h","DRIP","BABYMONSTER","13","37","37","SG","2024-11-18","81","False","180845","DRIP","2024-11-01","0.862","0.687","6","-5.215","1","0.0702","0.065","0.0","0.0862","0.704","119.972","4"
"3yDRcs0Y4pPzkvMbUfeF9H","Moonlit Floor (Kiss Me)","LISA","14","2","-1","SG","2024-11-18","89","False","155757","Moonlit Floor (Kiss Me)","2024-10-03","0.733","0.786","5","-3.951","0","0.112","0.128","0.0","0.31","0.672","109.954","4"
"6uPnrBgweGOcwjFL4ItAvV","Whiplash","aespa","15","35","35","SG","2024-11-18","80","False","183226","Whiplash - The 5th Mini Album","2024-10-21","0.856","0.901","8","-2.954","0","0.0455","0.0943","0.0206","0.0802","0.743","126.007","4"
"0WbMK4wrZ1wFSty9F7FCgu","Good Luck, Babe!","Chappell Roan","16","1","0","SG","2024-11-18","94","False","218423","Good Luck, Babe!","2024-04-05","0.7","0.582","11","-5.96","0","0.0356","0.0502","0.0","0.0881","0.785","116.712","4"
"6aJn7Cst74cj4lNIiPRgav","Touch","KATSEYE","17","2","-3","SG","2024-11-18","85","False","129882","Touch","2024-07-26","0.739","0.904","5","-2.655","0","0.0442","0.549","1.03e-05","0.0948","0.788","167.033","4"
"51rfRCiUSvxXlCSCfIztBy","I Love You, I'm Sorry","Gracie Abrams","18","3","0","SG","2024-11-18","90","True","157146","The Secret of Us","2024-06-21","0.53","0.406","10","-7.507","1","0.033","0.656","0.0","0.133","0.338","115.94","3"
"2DbDefRFJ5YOfXCKOeCJJh","Igloo","KISS OF LIFE","19","1","2","SG","2024-11-18","80","False","131786","Lose Yourself","2024-10-15","0.916","0.609","11","-4.457","0","0.217","0.168","0.0","0.0906","0.873","139.912","4"
"5O2P9iiztwhomNh8xkR9lJ","Night Changes","One Direction","20","4","19","SG","2024-11-18","89","False","226600","FOUR (Deluxe)","2014-11-17","0.672","0.52","8","-7.747","1","0.0353","0.859","0.0","0.115","0.37","120.001","4"
"2tHwzyyOLoWSFqYNjeVMzj","Please Please Please","Sabrina Carpenter","21","2","-2","SG","2024-11-18","87","True","186365","Short n' Sweet","2024-08-23","0.675","0.586","9","-6.086","1","0.0531","0.257","0.0","0.104","0.621","107.015","4"
"2aL4lMGhWdPpyPL6COPou7","Soft Spot","keshi","22","0","-2","SG","2024-11-18","77","False","204223","Requiem","2024-09-13","0.696","0.595","11","-7.649","1","0.0262","0.361","0.000243","0.0938","0.708","105.995","4"
"1b6qYBwDMBpFylGVT4PRgD","Heart on the Window (with WENDY)","Jin, WENDY","23","4","27","SG","2024-11-18","71","False","177093","Happy","2024-11-15","0.615","0.865","11","-6.114","0","0.0522","0.0536","0.0","0.738","0.52","145.999","4"
"1f18HzFpegqvH4ibGJyeMJ","2 hands","Tate McRae","24","-6","26","SG","2024-11-18","74","True","181820","2 hands","2024-11-14","0.608","0.806","1","-3.443","1","0.0486","0.121","0.0","0.191","0.587","104.032","4"
"51ZQ1vr10ffzbwIjDCwqm4","we can't be friends (wait for your love)","Ariana Grande","25","1","-1","SG","2024-11-18","86","False","228639","eternal sunshine","2024-03-08","0.645","0.646","5","-8.334","1","0.0427","0.0615","3.04e-05","0.074","0.295","115.842","4"
"1BxfuPKGuaTgP7aM0Bbdwr","Cruel Summer","Taylor Swift","26","4","2","SG","2024-11-18","89","False","178426","Lover","2019-08-23","0.552","0.702","9","-5.707","1","0.157","0.117","2.06e-05","0.105","0.564","169.994","4"
"6MzofobZt2dm0Kf1hTThFz","Diet Pepsi","Addison Rae","27","-2","-4","SG","2024-11-18","88","False","169697","Diet Pepsi","2024-08-09","0.669","0.561","10","-6.538","1","0.0411","0.495","0.00962","0.0954","0.841","150.069","4"
"2HRgqmZQC0MC7GeNuDIXHN","Seven (feat. Latto) (Explicit Ver.)","Jung Kook, Latto","28","-18","-1","SG","2024-11-18","84","True","183550","GOLDEN","2023-11-03","0.79","0.831","11","-4.185","1","0.044","0.312","0.0","0.0797","0.872","124.987","4"
"0KKkJNfGyhkQ5aFogxQAPU","That's What I Like","Bruno Mars","29","0","-7","SG","2024-11-18","88","False","206693","24K Magic","2016-11-17","0.853","0.56","1","-4.961","1","0.0406","0.013","0.0","0.0944","0.86","134.066","4"
"4xbq37lr4SuP3kuxj9y8gp","Another Level","Jin","30","1","20","SG","2024-11-18","71","False","162834","Happy","2024-11-15","0.548","0.577","4","-4.877","1","0.0284","0.159","0.0","0.0642","0.348","80.036","4"
"47Slg6LuqLaX0VodpSCvPt","Just the Way You Are","Bruno Mars","31","19","19","SG","2024-11-18","81","False","220734","Doo-Wops & Hooligans","2010-05-11","0.635","0.841","5","-5.379","1","0.0422","0.0134","0.0","0.0622","0.424","109.021","4"
"1Es7AUAhQvapIcoh3qMKDL","Timeless (with Playboi Carti)","The Weeknd, Playboi Carti","32","-4","-7","SG","2024-11-18","92","True","256000","Timeless","2024-09-27","0.769","0.722","11","-5.485","0","0.0507","0.0584","2.56e-06","0.111","0.57","119.973","4"
"3DeK5G7OhuJ1P1462XXgIu","Falling","Jin","33","1","17","SG","2024-11-18","70","False","178838","Happy","2024-11-15","0.662","0.708","8","-4.626","0","0.0338","0.038","0.00023","0.0483","0.607","127.988","4"
"5c2BZj7YSGHwvjf2CtO2S4","I will come to you","Jin","34","3","16","SG","2024-11-18","70","False","156964","Happy","2024-11-15","0.625","0.129","7","-13.824","1","0.0343","0.897","0.0","0.0856","0.496","79.979","4"
"44hqFxUWsADWewEJELnncj","No Doubt","ENHYPEN","35","1","15","SG","2024-11-18","75","False","167219","ROMANCE : UNTOLD -daydream-","2024-11-11","0.837","0.456","8","-7.07","0","0.0791","0.11","0.0","0.0553","0.521","130.03","4"
"21LtZQQMQYwVIxc9O9Ygq8","Cherish (My Love)","ILLIT","36","-1","-7","SG","2024-11-18","72","False","176854","Cherish (My Love) (Remixes)","2024-10-28","0.714","0.821","4","-3.835","1","0.065","0.236","0.0","0.164","0.303","142.97","4"
"1aKvZDoLGkNMxoRYgkckZG","Magnetic","ILLIT","37","4","-5","SG","2024-11-18","83","False","160688","SUPER REAL ME","2024-03-25","0.797","0.668","6","-5.819","1","0.0687","0.257","0.0","0.0876","0.69","131.067","4"
"3LWVXp636uLT356Rj08Jaz","Be Mine","Jimin","38","12","-21","SG","2024-11-18","77","False","207347","MUSE","2024-07-19","0.687","0.747","1","-5.496","0","0.0883","0.056","1.34e-06","0.11","0.56","66.495","5"
"3AJwUDP919kvQ9QcozQPxg","Yellow","Coldplay","39","3","-9","SG","2024-11-18","89","False","266773","Parachutes","2000-07-10","0.429","0.661","11","-7.227","1","0.0281","0.00239","0.000121","0.234","0.285","173.372","4"
"1UHS8Rf6h5Ar3CDWRd3wjF","Bed Chem","Sabrina Carpenter","40","-1","-7","SG","2024-11-18","90","False","171869","Short n' Sweet","2024-08-23","0.739","0.727","11","-5.968","0","0.0426","0.0678","0.0","0.104","0.676","94.99","4"
"6GyUt7yJ0sOktc5HjvVnFh","Âú®Âä†Á¥çÂÖ±ÂíåÂúãÈõ¢Â©ö","Firdhaus, DIOR Â§ßÁ©é","41","-1","-5","SG","2024-11-18","66","False","261000","Âú®Âä†Á¥çÂÖ±ÂíåÂúãÈõ¢Â©ö","2023-08-14","0.415","0.381","7","-9.731","1","0.0516","0.859","0.0","0.129","0.241","116.053","4"
"3xkHsmpQCBMytMJNiDf3Ii","Beautiful Things","Benson Boone","42","7","-4","SG","2024-11-18","89","False","180304","Fireworks & Rollerblades","2024-04-05","0.472","0.471","10","-5.692","1","0.0603","0.151","0.0","0.14","0.219","105.029","3"
"48shm8jmaY2daKSe4gSKP6","ÊÉ≥Âøµ‰Ω†ÊÉ≥Êàë","Eric Chou","43","-11","7","SG","2024-11-18","50","False","240461","ÊÉ≥Âøµ‰Ω†ÊÉ≥Êàë","2024-11-15","0.463","0.482","9","-5.676","1","0.0265","0.655","0.0","0.256","0.416","139.842","4"
"19XpFsce28aByvCC4g89tJ","Too Sweet","Hozier","44","-1","-9","SG","2024-11-18","84","False","251424","Unreal Unearth: Unaired","2024-08-19","0.74","0.643","10","-5.446","1","0.0413","0.041","0.00229","0.0407","0.96","117.025","4"
"7CyPwkp0oE8Ro9Dd5CUDjW","One Of The Girls (with JENNIE, Lily Rose Depp)","The Weeknd, JENNIE, Lily-Rose Depp","45","-1","-2","SG","2024-11-18","89","False","244684","The Idol Episode 4 (Music from the HBO Original Series)","2023-06-23","0.264","0.64","8","-6.221","1","0.0442","0.0393","2.31e-06","0.151","0.19","84.828","4"
"0VVD95cRAppHSOGPYrfIG2","the cutest pair","Regina Song","46","-1","-15","SG","2024-11-18","72","False","158400","fangirl","2024-06-14","0.747","0.475","2","-9.498","0","0.037","0.817","0.0","0.211","0.331","99.973","4"
"1Qrg8KqiBpW07V7PNxwwwL","Kill Bill","SZA","47","3","3","SG","2024-11-18","86","False","153946","SOS","2022-12-08","0.644","0.735","8","-5.747","1","0.0391","0.0521","0.144","0.161","0.418","88.98","4"
"5sTLGx6c7YRwnrWm6O091n","Supernova Love","IVE, David Guetta","48","-2","-8","SG","2024-11-18","73","False","199504","Supernova Love","2024-11-08","0.655","0.886","10","-5.227","0","0.0502","0.066","0.0","0.277","0.778","120.032","4"
"24XihnoVPWXlKJ4BgXqjVM","It's ok I'm ok","Tate McRae","49","-11","1","SG","2024-11-18","85","True","156521","It's ok I'm ok","2024-09-12","0.754","0.514","1","-7.721","0","0.0471","0.0257","3.98e-05","0.0808","0.363","114.997","4"
"0QzuaeCEEOV40Pn7IvKEny","double take","Dhruv","50","0","0","SG","2024-11-18","81","False","171743","rapunzel","2022-01-21","0.656","0.436","8","-11.141","1","0.0744","0.845","0.0","0.221","0.196","109.239","4"
"5GdAGqF9ZI4gADtpVAxqe7","Lost and found","Molly Sand√©n, Victor Leksell","1","0","0","SE","2024-11-18","70","False","194785","Lost and found","2024-09-20","0.795","0.191","3","-10.622","1","0.0409","0.757","0.0","0.0973","0.145","112.074","4"
